package name,file,class,type,cbo,rfc,tcc,lcc,totalMethodsQty,staticMethodsQty,publicMethodsQty,privateMethodsQty,protectedMethodsQty,defaultMethodsQty,abstractMethodsQty,finalMethodsQty,synchronizedMethodsQty,totalFieldsQty,staticFieldsQty,publicFieldsQty,privateFieldsQty,protectedFieldsQty,defaultFieldsQty,visibleFieldsQty,finalFieldsQty,synchronizedFieldsQty,nosi,returnQty,loopQty,comparisonsQty,tryCatchQty,parenthesizedExpsQty,stringLiteralsQty,numbersQty,assignmentsQty,mathOperationsQty,variablesQty,maxNestedBlocksQty,anonymousClassesQty,innerClassesQty,lambdasQty,uniqueWordsQty,modifiers,logStatementsQty,nof,nopf,nom,nopm,loc,wmc,nc,dit,lcom,fanin,fanout,ca,ce,A,I,D,is_FC
com.jgraph,F:\detectionresult\project\jgraphpad-master\src\com\jgraph\JGraphpadDemo.java,com.jgraph.JGraphpadDemo$JGraphpadDemoFileAction,innerclass,97,183,0.0218012,0.063855014,72,8,39,0,33,0,73,0,0,0,49,38,43,1,5,0,20,0,46,37,5,22,11,8,123,24,133,14,105,7,14,2,0,799,22,0,50,44,93,53,1274,138,1,5,-0.092200645,98,78,17,7,0,0.29,0.71,0
com.jgraph.browserplugin,F:\detectionresult\project\jgraphpad-master\src\com\jgraph\browserplugin\JGraphpadBrowserPlugin.java,com.jgraph.browserplugin.JGraphpadBrowserPlugin,class,17,50,0.083333335,0.083333335,13,7,7,6,0,0,9,0,0,0,39,38,3,35,1,0,14,0,29,31,1,8,15,0,59,24,129,17,73,7,0,1,0,561,12,0,40,4,15,9,615,46,0,3,0.5625,3,11,0,5,0,1,0,0
com.jgraph.bshplugin,F:\detectionresult\project\jgraphpad-master\src\com\jgraph\bshplugin\JGraphpadBshPlugin.java,com.jgraph.bshplugin.JGraphpadBshPlugin$ExtendedBottomTabFactoryMethod,innerclass,17,11,1,1,5,0,5,0,0,0,5,0,0,0,4,1,1,0,3,0,0,0,1,3,0,2,1,0,6,0,10,1,9,4,0,2,0,145,19,0,8,2,9,9,150,15,0,3,0,3,14,0,5,0,1,0,0
com.jgraph.codecplugin,F:\detectionresult\project\jgraphpad-master\src\com\jgraph\codecplugin\JGraphpadGXLCodec.java,com.jgraph.codecplugin.JGraphpadGXLCodec,class,49,203,0.255833333,0.2575,43,32,14,5,24,0,39,0,0,0,10,9,6,1,0,3,4,0,112,41,15,42,10,14,155,65,179,37,155,16,1,1,0,558,13,0,17,13,47,18,844,136,1,4,0.267586207,12,24,2,6,0,0.75,0.25,0
com.jgraph.editor,F:\detectionresult\project\jgraphpad-master\src\com\jgraph\editor\JGraphEditorTool.java,com.jgraph.editor.JGraphEditorTool,class,54,255,0.191574323,0.228719973,145,29,131,0,13,1,146,0,0,0,32,20,16,0,15,1,18,0,64,111,26,76,9,17,41,41,217,27,188,26,7,3,0,1393,1040,0,36,16,160,143,1893,317,35,0,-0.224847657,145,29,18,6,0.43,0.25,0.35,0
com.jgraph.editor.factory,F:\detectionresult\project\jgraphpad-master\src\com\jgraph\editor\factory\JGraphEditorToolbox.java,com.jgraph.editor.factory.JGraphEditorToolbox$MarqueeRedirector,innerclass,80,291,0.23007272,0.284776754,124,5,106,0,18,0,125,1,0,0,66,26,21,0,45,0,9,0,37,58,13,70,1,54,17,213,259,131,195,27,7,12,0,1463,1112,0,89,33,169,147,2237,291,21,5,0.289284018,61,27,6,4,0.06,0.4,0.54,1
com.jgraph.epsplugin,F:\detectionresult\project\jgraphpad-master\src\com\jgraph\epsplugin\JGraphpadEPSPlugin.java,com.jgraph.epsplugin.JGraphpadEPSPlugin,class,21,43,0.333333333,0.333333333,7,0,7,0,0,0,8,0,0,0,3,2,3,0,0,0,1,0,12,1,0,1,1,0,6,6,16,6,15,3,0,1,0,189,11,0,4,4,10,10,135,15,0,4,0.111111111,4,14,0,6,0,1,0,0
com.jgraph.jgxplugin,F:\detectionresult\project\jgraphpad-master\src\com\jgraph\jgxplugin\JGraphpadJGXPlugin.java,com.jgraph.jgxplugin.JGraphpadJGXPlugin,class,39,148,0.35446951,0.569590645,43,1,42,0,1,0,44,0,1,0,24,10,7,0,17,0,4,0,49,49,21,77,4,5,82,42,236,6,178,11,0,4,0,408,30,0,42,18,65,64,834,197,0,4,0.035714286,5,23,0,7,0,1,0,1
com.jgraph.l2fplugin,F:\detectionresult\project\jgraphpad-master\src\com\jgraph\l2fplugin\JGraphpadL2FPropertySheet.java,com.jgraph.l2fplugin.JGraphpadL2FPropertySheet$FactoryMethod,innerclass,42,62,0.285714286,0.285714286,17,0,14,0,3,0,18,0,0,0,4,1,2,0,2,0,0,0,11,10,2,7,0,2,19,4,42,5,32,5,2,3,0,360,31,0,8,4,26,23,338,53,0,8,0.164285714,10,32,0,7,0,1,0,0
com.jgraph.layoutplugin,F:\detectionresult\project\jgraphpad-master\src\com\jgraph\layoutplugin\JGraphpadLayoutPlugin.java,com.jgraph.layoutplugin.JGraphpadLayoutPlugin$ExtendedBottomTabFactoryMethod,innerclass,62,107,0.662301589,0.662301589,29,0,21,0,8,0,30,0,0,0,18,5,6,0,12,0,3,0,36,14,0,8,2,4,27,83,120,3,68,13,5,5,0,592,40,0,35,12,45,37,712,72,0,6,0.064393939,14,37,0,10,0,1,0,0
com.jgraph.pad,F:\detectionresult\project\jgraphpad-master\src\com\jgraph\pad\JGraphpadLibrary.java,com.jgraph.pad.JGraphpadLibrary,class,3,2.666666667,0.173376627,0.22893218,28,0,28,0,0,0,28,0,0,0,6,0,0,0,6,0,0,0,0,12,0,2,0,1,0,0,13,0,7,1,0,0,0,187,3,0,6,0,28,28,177,29,1,4,0.568602694,9,2,2,2,0,0.5,0.5,0
com.jgraph.pad.action,F:\detectionresult\project\jgraphpad-master\src\com\jgraph\pad\action\JGraphpadViewAction.java,com.jgraph.pad.action.JGraphpadViewAction$AllActions,innerclass,121,610,0.486873469,0.511697778,92,12,43,0,49,0,92,0,0,0,212,200,199,2,10,1,192,0,180,27,30,149,6,30,290,99,752,47,690,158,0,6,0,1926,60,2,583,569,106,57,3306,511,10,13,0.198800505,28,77,9,9,0,0.5,0.5,1
com.jgraph.pad.dialog,F:\detectionresult\project\jgraphpad-master\src\com\jgraph\pad\dialog\JGraphpadHeaderPanel.java,com.jgraph.pad.dialog.JGraphpadHeaderPanel,class,24,119,-0.007983192,0.040554971,44,1,36,0,8,0,44,0,0,0,10,4,0,0,10,0,2,0,50,27,1,24,1,11,51,75,95,9,68,6,6,3,0,547,33,1,17,0,62,52,842,92,4,4,0.154462848,18,18,5,3,0,0.38,0.62,0
com.jgraph.pad.factory,F:\detectionresult\project\jgraphpad-master\src\com\jgraph\pad\factory\JGraphpadWindowMenu.java,com.jgraph.pad.factory.JGraphpadWindowMenu$FactoryMethod,innerclass,138,344,0.409495345,0.43739755,122,3,106,0,16,0,122,0,0,0,61,30,30,3,28,0,7,0,69,44,24,42,5,28,75,123,323,78,258,42,26,15,0,1677,117,0,97,44,225,200,2763,452,1,12,0.120972367,68,114,5,9,0,0.64,0.36,1
com.jgraph.pad.graph,F:\detectionresult\project\jgraphpad-master\src\com\jgraph\pad\graph\JGraphpadVertexView.java,com.jgraph.pad.graph.JGraphpadVertexView,class,115,480,0.212234483,0.246906132,137,20,104,3,30,0,134,0,12,0,58,29,27,4,25,2,10,0,65,124,8,127,7,103,52,215,448,243,327,50,5,5,0,2128,27,0,72,32,174,138,2488,386,0,0,0.051640405,73,42,0,4,0,1,0,0
com.jgraph.pad.tool,F:\detectionresult\project\jgraphpad-master\src\com\jgraph\pad\tool\JGraphpadVertexTool.java,com.jgraph.pad.tool.JGraphpadVertexTool,class,17,119,0.229274415,0.40000808,31,0,21,0,10,0,31,0,0,0,9,2,2,0,7,0,2,0,3,11,0,34,1,18,2,23,73,26,54,9,0,0,0,341,2,0,10,2,31,21,463,69,1,3,0.107142857,2,0,1,2,0,0.67,0.33,0
com.jgraph.pad.util,F:\detectionresult\project\jgraphpad-master\src\com\jgraph\pad\util\JGraphpadTreeModelAdapter.java,com.jgraph.pad.util.JGraphpadTreeModelAdapter,class,43,213,0.26024362,0.330498159,146,6,106,6,12,22,140,3,1,19,90,15,14,18,22,36,9,0,23,63,40,82,9,61,21,231,369,113,251,31,1,7,0,1165,2118,0,145,18,199,138,2213,425,3,1,0.10040234,47,19,4,5,0.12,0.56,0.33,1
com.jgraph.pdfplugin,F:\detectionresult\project\jgraphpad-master\src\com\jgraph\pdfplugin\JGraphpadPDFPlugin.java,com.jgraph.pdfplugin.JGraphpadPDFPlugin,class,23,49,0.333333333,0.333333333,7,0,7,0,0,0,8,0,0,0,3,2,3,0,0,0,1,0,12,1,0,1,1,0,6,14,19,8,18,3,0,1,0,195,11,0,4,4,10,10,144,15,0,4,0.111111111,4,14,0,6,0,1,0,0
com.jgraph.svgplugin,F:\detectionresult\project\jgraphpad-master\src\com\jgraph\svgplugin\JGraphpadSVGServer.java,com.jgraph.svgplugin.JGraphpadSVGServer$HTTPSession,innerclass,42,134,0.516666673,0.59444445,31,1,20,5,6,0,28,0,0,0,17,7,11,3,3,0,5,0,38,14,9,19,7,2,72,29,120,18,93,11,1,3,0,584,15,0,36,28,47,32,751,116,0,4,0.077294686,9,25,0,7,0,1,0,0
com.jgraph.twikiplugin,F:\detectionresult\project\jgraphpad-master\src\com\jgraph\twikiplugin\JGraphpadTWikiPlugin.java,com.jgraph.twikiplugin.JGraphpadTWikiPlugin,class,24,39,0.111111113,0.111111113,7,0,6,0,1,0,8,0,0,0,4,3,4,0,0,0,2,0,12,1,0,3,1,2,17,9,26,5,21,3,0,1,0,234,11,0,7,7,10,9,150,18,0,5,0.388888889,4,17,0,6,0,1,0,0
junit.extensions,F:\detectionresult\project\junit4-r4.13.1\src\main\java\junit\extensions,junit.extensions.TestSetup,class,15,15,0.31845239,0.31845239,22,0,19,0,2,1,22,0,0,2,3,0,0,2,1,0,0,0,0,6,2,0,1,0,3,3,6,2,6,4,2,0,0,143,4,0,3,0,24,21,133,28,2,2,0.013888889,1,9,3,1,0.14,0.25,0.61,0
junit.framework,F:\detectionresult\project\junit4-r4.13.1\src\main\java\junit\framework\TestSuite.java,junit.framework.TestSuite,class,61,209,0.22235548,0.297652244,185,81,162,15,6,2,170,3,0,13,29,8,0,23,6,0,12,0,128,80,14,32,9,10,54,28,72,41,58,14,3,0,0,911,1038,0,29,0,190,166,1369,242,6,5,-0.096009537,59,44,24,5,0.28,0.17,0.55,0
junit.runner,F:\detectionresult\project\junit4-r4.13.1\src\main\java\junit\runner\Version.java,junit.runner.Version,class,7,50,0.002645503,0.002645503,38,15,20,3,8,7,36,4,0,4,7,4,1,1,0,5,1,0,23,29,3,8,8,1,35,13,38,9,25,3,0,0,0,228,1027,0,7,1,38,20,290,57,0,0,-0.574712644,6,6,3,2,0.75,0.4,0.15,0
junit.textui,F:\detectionresult\project\junit4-r4.13.1\src\main\java\junit\textui\TestRunner.java,junit.textui.TestRunner,class,15,53,0.026552288,0.026552288,35,4,21,0,12,2,35,0,0,1,6,3,3,1,0,2,3,0,11,11,2,3,3,1,36,14,31,11,24,3,0,0,0,192,2,0,6,3,35,21,247,49,0,0,0.253267974,2,12,8,2,0.33,0.2,0.42,0
net.sourceforge.pmd.cpd,F:\github文件\pmd-src-7.0.0-SNAPSHOT\pmd-java\src\main\java\net\sourceforge\pmd\cpd\JavaTokenizer.java,net.sourceforge.pmd.cpd.JavaTokenizer$JavaTokenFilter,innerclass,23,34,0.409722223,0.47916666,25,0,10,6,6,3,19,0,1,0,21,2,2,17,0,2,2,0,6,7,0,20,0,1,9,6,47,2,26,6,0,3,0,167,32,0,36,2,38,12,380,98,0,0,-0.163636364,5,5,0,1,0,1,0,0
net.sourceforge.pmd.lang.java,F:\github文件\pmd-src-7.0.0-SNAPSHOT\pmd-java\src\main\java\net\sourceforge\pmd\lang\java\JavaLanguageModule.java,net.sourceforge.pmd.lang.java.JavaLanguageModule,class,2,2,NaN,NaN,1,0,1,0,0,0,1,0,0,0,2,2,2,0,0,0,2,0,0,0,0,0,0,0,24,15,2,0,2,0,0,0,0,20,1,0,2,2,1,1,25,1,0,0,0,4,0,4,6,0.1,0.6,0.3,0
net.sourceforge.pmd.lang.java.ast,F:\github文件\pmd-src-7.0.0-SNAPSHOT\pmd-java\src\main\java\net\sourceforge\pmd\lang\java\ast\TypesFromAst.java,net.sourceforge.pmd.lang.java.ast.TypesFromAst,class,1874,1265,-0.028108865,-0.025589083,1225,89,604,69,152,400,1156,1,2,0,95,15,2,87,2,4,30,0,303,1139,26,202,2,87,147,229,437,103,390,77,0,18,19,12385,20035,3,99,3,1277,623,8361,1765,349,639,-0.539670611,1741,506,28,16,0.2,0.36,0.44,0
net.sourceforge.pmd.lang.java.ast.internal,F:\github文件\pmd-src-7.0.0-SNAPSHOT\pmd-java\src\main\java\net\sourceforge\pmd\lang\java\ast\internal\ReportingStrategy.java,net.sourceforge.pmd.lang.java.ast.internal.ReportingStrategy,interface,69,83,0.25272727,0.4,59,6,47,6,1,5,53,0,0,0,11,2,0,11,0,0,11,0,10,64,4,14,1,0,22,6,24,3,23,10,1,5,1,360,22,1,17,0,100,82,707,185,0,0,-0.651851852,20,69,3,3,0.22,0.5,0.28,1
net.sourceforge.pmd.lang.java.internal,F:\github文件\pmd-src-7.0.0-SNAPSHOT\pmd-java\src\main\java\net\sourceforge\pmd\lang\java\internal\JavaLanguageHandler.java,net.sourceforge.pmd.lang.java.internal.JavaLanguageHandler$JavaMetricsProvider,innerclass,82,75,0.047899162,0.075840332,45,7,41,2,0,2,44,0,0,0,14,6,1,13,0,0,13,0,20,53,0,5,3,3,27,1,28,12,29,4,1,2,6,251,71,0,15,1,63,57,308,79,0,0,0.403636364,13,51,3,8,0.17,0.73,0.11,0
net.sourceforge.pmd.lang.java.javadoc,F:\github文件\pmd-src-7.0.0-SNAPSHOT\pmd-java\src\main\java\net\sourceforge\pmd\lang\java\javadoc\JavadocTag.java,net.sourceforge.pmd.lang.java.javadoc.JavadocTag,class,1,4,1,1,3,2,2,1,0,0,2,0,0,0,11,9,10,1,0,0,11,0,0,2,0,0,0,0,17,0,11,0,11,1,0,0,0,54,17,0,11,10,3,2,27,4,0,0,0,3,1,1,0,0,0,1,0
net.sourceforge.pmd.lang.java.metrics,F:\github文件\pmd-src-7.0.0-SNAPSHOT\pmd-java\src\main\java\net\sourceforge\pmd\lang\java\metrics\AbstractJavaOperationMetric.java,net.sourceforge.pmd.lang.java.metrics.AbstractJavaOperationMetric,class,16,13,-0.333333333,-0.333333333,8,0,3,1,4,0,7,0,0,0,0,0,0,0,0,0,0,0,0,8,2,0,0,2,0,2,4,0,4,2,0,0,0,150,3075,0,0,0,8,3,93,12,2,2,-1,0,5,1,6,0.33,0.86,0.19,0
net.sourceforge.pmd.lang.java.metrics.api,F:\github文件\pmd-src-7.0.0-SNAPSHOT\pmd-java\src\main\java\net\sourceforge\pmd\lang\java\metrics\api\JavaOperationMetric.java,net.sourceforge.pmd.lang.java.metrics.api.JavaOperationMetric,interface,2,0,-1,-1,0,0,0,0,0,0,0,0,0,0,0,0,0,0,0,0,0,0,0,0,0,0,0,0,0,0,0,0,0,0,0,0,0,20,2,0,0,0,0,0,12,0,0,0,-1,0,0,3,2,0.5,0.4,0.1,0
net.sourceforge.pmd.lang.java.metrics.internal,F:\github文件\pmd-src-7.0.0-SNAPSHOT\pmd-java\src\main\java\net\sourceforge\pmd\lang\java\metrics\internal\WocMetric.java,net.sourceforge.pmd.lang.java.metrics.internal.WocMetric,class,77,44,-0.363636364,-0.363636364,24,1,22,2,0,0,22,0,0,0,0,0,0,0,0,0,0,0,1,25,4,1,0,2,0,19,25,13,23,5,0,11,0,530,307,0,3,0,44,39,335,52,0,0,-0.716666667,2,29,1,3,0,0.75,0.25,1
net.sourceforge.pmd.lang.java.metrics.internal.visitors,F:\github文件\pmd-src-7.0.0-SNAPSHOT\pmd-java\src\main\java\net\sourceforge\pmd\lang\java\metrics\internal\visitors\TccAttributeAccessCollector.java,net.sourceforge.pmd.lang.java.metrics.internal.visitors.TccAttributeAccessCollector,class,108,141,0.163646733,0.205698015,78,0,63,15,0,0,63,0,2,0,11,2,1,6,4,0,8,0,16,80,8,15,0,33,11,31,85,12,64,15,0,0,0,350,6,0,11,1,78,63,578,136,0,0,0.172001764,2,80,0,2,0,1,0,1
net.sourceforge.pmd.lang.java.multifile.signature,F:\github文件\pmd-src-7.0.0-SNAPSHOT\pmd-java\src\main\java\net\sourceforge\pmd\lang\java\multifile\signature\JavaSignature.java,net.sourceforge.pmd.lang.java.multifile.signature.JavaSignature,class,23,33,0.62857144,0.8,31,4,26,4,1,0,27,0,0,0,12,2,5,7,0,0,7,0,20,13,0,2,0,6,8,10,23,12,14,2,0,2,0,255,2118,0,13,5,38,28,299,52,4,4,0.333333333,13,10,2,2,0.25,0.5,0.25,0
net.sourceforge.pmd.lang.java.rule,F:\github文件\pmd-src-7.0.0-SNAPSHOT\pmd-java\src\main\java\net\sourceforge\pmd\lang\java\rule\JavaRuleViolation.java,net.sourceforge.pmd.lang.java.rule.JavaRuleViolation,class,94,132,0.239583335,0.253472223,59,6,27,20,12,0,41,5,6,0,13,6,0,7,6,0,7,0,12,70,10,16,0,7,41,13,80,4,56,19,0,0,0,628,7177,0,13,0,59,27,529,107,7,8,-0.296296296,1,39,11,3,0.67,0.21,0.12,1
net.sourceforge.pmd.lang.java.rule.bestpractices,F:\github文件\pmd-src-7.0.0-SNAPSHOT\pmd-java\src\main\java\net\sourceforge\pmd\lang\java\rule\bestpractices\UseCollectionIsEmptyRule.java,net.sourceforge.pmd.lang.java.rule.bestpractices.UseCollectionIsEmptyRule,class,552,1012,0.252941178,0.260457517,296,15,101,147,16,32,151,0,2,0,64,31,4,35,8,17,52,0,59,385,105,221,2,50,198,201,587,42,514,116,1,11,34,2880,1135,0,88,4,393,140,4050,968,4,4,-0.241947742,25,362,0,8,0.1,1,0.01,1
net.sourceforge.pmd.lang.java.rule.codestyle,F:\github文件\pmd-src-7.0.0-SNAPSHOT\pmd-java\src\main\java\net\sourceforge\pmd\lang\java\rule\codestyle\UnnecessaryReturnRule.java,net.sourceforge.pmd.lang.java.rule.codestyle.UnnecessaryReturnRule,class,261,555,0.206763286,0.235748793,161,11,72,65,6,18,97,2,0,0,57,24,0,55,0,2,51,0,50,216,47,55,2,26,233,99,213,40,194,72,0,0,0,1796,1081,2,57,0,161,72,1789,452,5,5,-0.237672584,4,119,0,5,0.01,1,0.01,1
net.sourceforge.pmd.lang.java.rule.design,F:\github文件\pmd-src-7.0.0-SNAPSHOT\pmd-java\src\main\java\net\sourceforge\pmd\lang\java\rule\design\UseUtilityClassRule.java,net.sourceforge.pmd.lang.java.rule.design.UseUtilityClassRule,class,258,526,0.312939962,0.397826087,155,7,71,68,14,2,89,0,2,0,77,45,2,75,0,0,46,0,23,190,33,104,1,13,135,148,358,23,294,57,0,4,9,1965,70,2,103,2,186,81,2094,461,0,0,-0.245592679,6,153,0,6,0,1,0,1
net.sourceforge.pmd.lang.java.rule.documentation,F:\github文件\pmd-src-7.0.0-SNAPSHOT\pmd-java\src\main\java\net\sourceforge\pmd\lang\java\rule\documentation\CommentSizeRule.java,net.sourceforge.pmd.lang.java.rule.documentation.CommentSizeRule,class,46,111,0.086309525,0.139880953,39,2,17,18,4,0,22,0,0,0,23,19,4,18,0,1,20,0,19,32,11,25,0,4,54,14,60,11,55,9,0,1,0,439,1028,1,26,4,43,19,413,86,3,3,-0.146825397,1,27,0,3,0.08,0,0.08,0
net.sourceforge.pmd.lang.java.rule.errorprone,F:\github文件\pmd-src-7.0.0-SNAPSHOT\pmd-java\src\main\java\net\sourceforge\pmd\lang\java\rule\errorprone\UselessOperationOnImmutableRule.java,net.sourceforge.pmd.lang.java.rule.errorprone.UselessOperationOnImmutableRule,class,379,796,0.245370371,0.27800926,253,11,100,145,3,5,111,0,0,0,83,42,16,67,0,0,47,0,55,344,90,186,0,45,245,228,547,50,476,117,0,8,2,2328,196,0,106,21,286,125,3120,762,1,1,-0.501014928,21,211,0,3,0.01,1,0.01,1
net.sourceforge.pmd.lang.java.rule.internal,F:\github文件\pmd-src-7.0.0-SNAPSHOT\pmd-java\src\main\java\net\sourceforge\pmd\lang\java\rule\internal\JavaRuleViolationFactory.java,net.sourceforge.pmd.lang.java.rule.internal.JavaRuleViolationFactory,class,31,32,0.1,0.1,16,5,4,6,5,1,10,2,1,0,5,4,1,4,0,0,5,0,9,13,3,2,0,1,14,1,15,2,13,6,1,1,1,184,2091,0,5,1,20,7,128,33,1,1,0.928571429,3,7,1,3,0.5,0.75,0.25,0
net.sourceforge.pmd.lang.java.rule.multithreading,F:\github文件\pmd-src-7.0.0-SNAPSHOT\pmd-java\src\main\java\net\sourceforge\pmd\lang\java\rule\multithreading\UnsynchronizedStaticFormatterRule.java,net.sourceforge.pmd.lang.java.rule.multithreading.UnsynchronizedStaticFormatterRule,class,53,80,0.611111133,0.833333333,16,0,10,5,0,1,11,0,0,0,9,4,0,9,0,0,4,0,3,32,7,28,0,6,9,74,64,2,55,19,0,0,0,305,3,0,9,0,16,10,305,80,0,0,0.074074074,0,35,0,3,0,1,0,0
net.sourceforge.pmd.lang.java.rule.performance,F:\github文件\pmd-src-7.0.0-SNAPSHOT\pmd-java\src\main\java\net\sourceforge\pmd\lang\java\rule\performance\UseStringBufferLengthRule.java,net.sourceforge.pmd.lang.java.rule.performance.UseStringBufferLengthRule,class,241,363,0.177777778,0.177777778,95,8,30,53,6,6,44,0,0,0,12,8,1,11,0,0,9,0,42,165,33,141,0,35,60,174,318,12,232,62,0,1,0,1349,28,0,13,1,101,30,1551,383,0,0,-0.507518797,12,148,2,4,0,0.67,0.33,1
net.sourceforge.pmd.lang.java.rule.regex,F:\github文件\pmd-src-7.0.0-SNAPSHOT\pmd-java\src\main\java\net\sourceforge\pmd\lang\java\rule\regex\RegexHelper.java,net.sourceforge.pmd.lang.java.rule.regex.RegexHelper,class,1,7,0,0,3,2,2,1,0,0,2,0,0,0,0,0,0,0,0,0,0,0,1,3,1,3,0,0,2,1,3,0,2,3,0,0,0,61,17,0,0,0,3,2,47,8,0,0,-1,0,0,0,0,0,0,1,0
net.sourceforge.pmd.lang.java.rule.security,F:\github文件\pmd-src-7.0.0-SNAPSHOT\pmd-java\src\main\java\net\sourceforge\pmd\lang\java\rule\security\TypeResTestRule.java,net.sourceforge.pmd.lang.java.rule.security.TypeResTestRule$State,innerclass,42,52,0.25,0.25,19,5,12,5,0,2,15,0,0,0,9,4,5,4,0,0,4,0,7,15,3,28,1,4,19,19,43,13,34,16,0,1,1,336,47,0,13,9,21,12,305,57,0,0,-2.047619048,4,28,0,4,0,1,0,0
net.sourceforge.pmd.lang.java.rule.xpath.internal,F:\github文件\pmd-src-7.0.0-SNAPSHOT\pmd-java\src\main\java\net\sourceforge\pmd\lang\java\rule\xpath\internal\TypeIsFunction.java,net.sourceforge.pmd.lang.java.rule.xpath.internal.TypeIsFunction,class,24,14,0,0,23,7,12,6,2,3,17,0,0,0,7,6,4,3,0,0,7,0,7,20,0,0,0,0,7,1,9,0,9,1,3,0,0,178,1059,0,7,4,27,16,149,37,3,3,0.25,6,5,0,2,0.2,1,0.2,0
net.sourceforge.pmd.lang.java.symbols,F:\github文件\pmd-src-7.0.0-SNAPSHOT\pmd-java\src\main\java\net\sourceforge\pmd\lang\java\symbols\SymbolVisitor.java,net.sourceforge.pmd.lang.java.symbols.SymbolVisitor,interface,123,53,0,0,92,1,0,0,0,92,92,0,0,0,2,0,0,0,0,2,0,0,3,51,3,8,0,2,5,4,12,1,11,4,1,0,0,1088,15,0,3,0,93,1,512,105,21,35,-1,183,30,9,2,1,0.18,0.18,0
net.sourceforge.pmd.lang.java.symbols.internal,F:\github文件\pmd-src-7.0.0-SNAPSHOT\pmd-java\src\main\java\net\sourceforge\pmd\lang\java\symbols\internal\UnresolvedClassStore.java,net.sourceforge.pmd.lang.java.symbols.internal.UnresolvedClassStore,class,135,95,0.166657049,0.223618328,121,10,105,6,0,10,115,4,0,0,40,15,10,29,0,1,37,0,21,107,3,5,0,2,37,8,59,13,71,6,7,9,13,680,3309,0,57,10,201,177,916,233,3,3,0.370875205,44,83,4,2,0.14,0.33,0.52,0
net.sourceforge.pmd.lang.java.symbols.internal.asm,F:\github文件\pmd-src-7.0.0-SNAPSHOT\pmd-java\src\main\java\net\sourceforge\pmd\lang\java\symbols\internal\asm\TypeSigParser.java,net.sourceforge.pmd.lang.java.symbols.internal.asm.TypeSigParser$ParseFunction,interface,233,248,0.341045665,0.455880428,231,25,122,18,16,75,213,6,0,0,86,7,0,72,6,8,66,0,57,193,16,93,1,16,59,51,220,30,166,27,2,16,5,1314,7332,1,119,0,306,152,1835,436,15,22,-0.066034807,76,131,0,4,0.26,1,0.26,0
net.sourceforge.pmd.lang.java.symbols.internal.ast,F:\github文件\pmd-src-7.0.0-SNAPSHOT\pmd-java\src\main\java\net\sourceforge\pmd\lang\java\symbols\internal\ast\SymbolResolutionPass.java,net.sourceforge.pmd.lang.java.symbols.internal.ast.SymbolResolutionPass,class,183,182,0.257445456,0.328014015,90,2,64,6,2,18,84,0,0,0,28,1,0,26,2,0,27,0,29,90,4,14,0,9,14,5,61,11,64,7,0,0,8,576,4273,0,28,0,90,64,570,126,10,19,-0.057539683,24,77,0,6,0.27,1,0.27,0
net.sourceforge.pmd.lang.java.symbols.table,F:\github文件\pmd-src-7.0.0-SNAPSHOT\pmd-java\src\main\java\net\sourceforge\pmd\lang\java\symbols\table\JSymbolTable.java,net.sourceforge.pmd.lang.java.symbols.table.JSymbolTable,interface,6,0,0,0,3,0,0,0,0,3,3,0,0,0,0,0,0,0,0,0,0,0,0,0,0,0,0,0,0,0,0,0,0,0,0,0,0,101,1,0,0,0,3,0,18,3,0,0,-1,10,0,3,1,0.5,0.25,0.25,0
net.sourceforge.pmd.lang.java.symbols.table.coreimpl,F:\github文件\pmd-src-7.0.0-SNAPSHOT\pmd-java\src\main\java\net\sourceforge\pmd\lang\java\symbols\table\coreimpl\ShadowChainRoot.java,net.sourceforge.pmd.lang.java.symbols.table.coreimpl.ShadowChainRoot,class,143,158,0.252107696,0.269870325,137,12,84,15,6,32,122,1,1,0,21,3,0,19,2,0,17,0,28,120,7,16,0,4,27,6,52,8,49,16,2,8,3,909,1113,0,29,0,191,125,1051,252,10,11,-0.143118908,52,41,4,1,0.33,0.2,0.47,0
net.sourceforge.pmd.lang.java.symbols.table.internal,F:\github文件\pmd-src-7.0.0-SNAPSHOT\pmd-java\src\main\java\net\sourceforge\pmd\lang\java\symbols\table\internal\SymTableFactory.java,net.sourceforge.pmd.lang.java.symbols.table.internal.SymTableFactory,class,156,306,0.417724619,0.545005294,113,33,41,32,0,40,81,0,0,0,29,6,0,12,0,17,22,0,64,115,17,28,0,6,29,25,137,18,128,13,8,3,10,878,104,2,38,0,165,74,1159,249,0,0,-0.08925878,33,115,3,7,0.06,0.7,0.24,1
net.sourceforge.pmd.lang.java.symboltable,F:\github文件\pmd-src-7.0.0-SNAPSHOT\pmd-java\src\main\java\net\sourceforge\pmd\lang\java\symboltable\VariableNameDeclaration.java,net.sourceforge.pmd.lang.java.symboltable.VariableNameDeclaration,class,224,412,0.242145969,0.278449519,201,0,157,33,6,5,170,1,0,0,43,9,0,42,1,0,19,0,23,227,37,97,4,44,133,83,257,51,211,54,1,9,0,1495,2139,0,50,0,227,178,2226,489,15,20,-0.258018696,98,106,8,5,0.14,0.38,0.48,0
net.sourceforge.pmd.lang.java.typeresolution,F:\github文件\pmd-src-7.0.0-SNAPSHOT\pmd-java\src\main\java\net\sourceforge\pmd\lang\java\typeresolution\PMDASMClassLoader.java,net.sourceforge.pmd.lang.java.typeresolution.PMDASMClassLoader,class,9,12,0.1,0.1,8,1,7,1,0,0,8,0,0,1,4,3,0,4,0,0,2,0,1,11,1,3,3,0,2,2,12,2,10,5,0,0,0,141,18,0,4,0,8,7,105,16,0,0,-0.25,8,2,3,2,0,0.4,0.6,0
net.sourceforge.pmd.lang.java.typeresolution.internal,F:\github文件\pmd-src-7.0.0-SNAPSHOT\pmd-java\src\main\java\net\sourceforge\pmd\lang\java\typeresolution\internal\NullableClassLoader.java,net.sourceforge.pmd.lang.java.typeresolution.internal.NullableClassLoader,interface,3,2,1,1,4,1,2,1,0,1,3,0,0,0,1,0,0,1,0,0,1,0,1,3,0,2,1,0,1,0,2,0,1,1,0,1,0,56,1,0,2,0,7,4,51,9,1,1,-0.5,2,2,1,0,0.5,0,0.5,0
net.sourceforge.pmd.lang.java.typeresolution.visitors,F:\github文件\pmd-src-7.0.0-SNAPSHOT\pmd-java\src\main\java\net\sourceforge\pmd\lang\java\typeresolution\visitors\PMDASMVisitor.java,net.sourceforge.pmd.lang.java.typeresolution.visitors.PMDASMVisitor$PMDSignatureVisitor,innerclass,28,33,0.508095235,0.529523807,44,0,34,6,0,4,38,0,0,0,11,0,1,10,0,0,0,0,0,23,2,8,0,0,0,5,17,2,14,4,0,4,0,201,41,0,15,1,74,60,366,98,0,0,0.317878788,6,5,0,1,0,1,0,0
net.sourceforge.pmd.lang.java.types,F:\github文件\pmd-src-7.0.0-SNAPSHOT\pmd-java\src\main\java\net\sourceforge\pmd\lang\java\types\WildcardTypeImpl.java,net.sourceforge.pmd.lang.java.types.WildcardTypeImpl,class,610,935,0.192666813,0.215586344,690,114,458,71,1,160,620,3,0,0,113,16,23,79,0,11,93,0,317,820,45,211,1,67,169,57,430,40,396,60,2,22,29,4581,3794,0,148,25,855,590,5767,1365,36,72,0.100444208,517,338,13,8,0.24,0.38,0.38,0
net.sourceforge.pmd.lang.java.types.internal,F:\github文件\pmd-src-7.0.0-SNAPSHOT\pmd-java\src\main\java\net\sourceforge\pmd\lang\java\types\internal\InternalMethodTypeItf.java,net.sourceforge.pmd.lang.java.types.internal.InternalMethodTypeItf,interface,4,0,0,0,7,0,0,0,0,7,7,0,0,0,0,0,0,0,0,0,0,0,0,0,0,0,0,0,0,0,0,0,0,0,0,0,0,66,1,0,0,0,7,0,21,7,0,0,-1,0,1,2,1,1,0.33,0.33,0
net.sourceforge.pmd.lang.java.types.internal.infer,F:\github文件\pmd-src-7.0.0-SNAPSHOT\pmd-java\src\main\java\net\sourceforge\pmd\lang\java\types\internal\infer\VarWalkStrategy.java,net.sourceforge.pmd.lang.java.types.internal.infer.VarWalkStrategy,interface,369,757,0.244141407,0.318976194,367,44,91,62,16,198,305,2,0,0,101,20,1,80,7,13,76,0,183,352,64,133,6,23,138,46,414,64,391,46,5,24,31,3315,2277,25,155,1,539,170,4055,907,18,28,-0.262659799,167,233,5,5,0.37,0.5,0.13,0
net.sourceforge.pmd.lang.java.types.internal.infer.ast,F:\github文件\pmd-src-7.0.0-SNAPSHOT\pmd-java\src\main\java\net\sourceforge\pmd\lang\java\types\internal\infer\ast\SwitchMirror.java,net.sourceforge.pmd.lang.java.types.internal.infer.ast.SwitchMirror,class,192,143,0.187362638,0.187362638,78,3,59,7,0,12,71,0,0,0,10,0,0,4,0,6,5,0,28,90,0,19,0,3,3,1,44,3,41,12,0,2,3,429,3121,0,10,0,90,69,507,133,11,24,-0.386538462,24,76,1,6,0.23,0.86,0.09,0
org.apache.log4j,F:\detectionresult\project\log4j-trunk\src\main\java\org\apache\log4j\helpers\PatternParser.java,org.apache.log4j.helpers.PatternParser,class,176,523,0.395635223,0.4786781,325,42,268,8,31,18,319,3,13,11,174,66,18,51,44,61,66,0,169,213,38,185,40,41,256,236,603,140,388,89,0,13,0,4286,4234,80,187,18,361,292,4758,773,15,18,0.053588134,158,125,12,5,0.1,0.29,0.61,0
org.apache.log4j.config,F:\detectionresult\project\log4j-trunk\src\main\java\org\apache\log4j\helpers\PatternParser.java,org.apache.log4j.helpers.PatternParser$CategoryPatternConverter,innerclass,18,25,0.6,0.6,10,0,3,0,0,7,10,0,0,0,3,0,0,1,0,2,0,0,3,16,1,2,0,1,1,2,9,1,9,5,0,0,0,76,26,0,6,0,11,6,114,24,0,5,0,5,11,2,3,0.2,0.6,0.2,0
org.apache.log4j.helpers,F:\detectionresult\project\log4j-trunk\src\main\java\org\apache\log4j\net\SimpleSocketServer.java,org.apache.log4j.net.SimpleSocketServer,class,175,547,0.335079576,0.427545735,461,262,372,39,33,17,423,4,4,3,162,76,31,69,13,49,64,0,672,241,28,158,46,26,462,193,534,197,400,74,0,1,0,3586,4212,117,161,31,461,369,5866,922,14,15,0.151741973,122,100,11,3,0.12,0.21,0.66,1
org.apache.log4j.jdbc,F:\detectionresult\project\log4j-trunk\src\main\java\org\apache\log4j\net\SMTPAppender.java,org.apache.log4j.net.SMTPAppender,class,24,62,0.07269503,0.45478722,48,0,41,0,5,2,48,0,8,1,18,0,0,15,3,0,0,0,8,31,4,19,7,1,30,14,57,9,41,5,1,0,0,327,1,9,18,0,49,41,549,82,0,0,0.06122449,0,9,0,2,0,1,0,0
org.apache.log4j.net,F:\detectionresult\project\log4j-trunk\src\main\java\org\apache\log4j\pattern\ClassNamePatternConverter.java,org.apache.log4j.pattern.ClassNamePatternConverter,class,89,330,0.304361133,0.42486586,153,15,124,17,3,9,137,0,2,5,113,51,25,54,2,32,45,0,113,138,21,73,48,17,220,161,337,82,218,56,0,3,0,2241,87,80,122,25,163,133,2706,366,2,5,-0.282242634,22,56,0,6,0,1,0,1
org.apache.log4j.nt,F:\detectionresult\project\log4j-trunk\src\main\java\org\apache\log4j\pattern\DatePatternConverter.java,org.apache.log4j.pattern.DatePatternConverter,class,6,9,0.16666667,0.16666667,5,1,4,1,0,0,4,0,0,0,7,6,0,7,0,0,7,0,3,1,0,4,1,5,9,5,20,1,12,1,0,1,0,80,17,1,9,0,8,7,148,14,0,2,0.5,2,5,0,3,0,1,0,0
org.apache.log4j.or,F:\detectionresult\project\log4j-trunk\src\main\java\org\apache\log4j\pattern\FormattingInfo.java,org.apache.log4j.pattern.FormattingInfo,class,8,14,0.511904757,0.583333333,16,3,14,2,0,0,14,0,0,0,9,4,0,9,0,0,9,0,4,10,2,3,0,2,3,6,19,5,14,5,0,0,0,195,61,0,9,0,16,14,217,24,0,2,0.0625,5,5,6,3,0.25,0.33,0.42,0
org.apache.log4j.or.jms,F:\detectionresult\project\log4j-trunk\src\main\java\org\apache\log4j\pattern\FullLocationPatternConverter.java,org.apache.log4j.pattern.FullLocationPatternConverter,class,4,2,0,0,3,1,2,1,0,0,2,0,0,0,1,1,0,1,0,0,1,0,0,1,0,1,0,0,2,0,2,0,2,1,0,0,0,38,17,0,1,0,3,2,33,4,0,2,1,1,3,0,1,0,1,0,0
org.apache.log4j.or.sax,F:\detectionresult\project\log4j-trunk\src\main\java\org\apache\log4j\pattern\IntegerPatternConverter.java,org.apache.log4j.pattern.IntegerPatternConverter,class,2,4,0,0,3,1,2,1,0,0,2,0,0,0,1,1,0,1,0,0,1,0,1,1,0,0,0,1,2,0,1,0,1,1,0,0,0,33,17,0,1,0,3,2,35,5,0,1,1,1,1,0,2,0,1,0,0
org.apache.log4j.pattern,F:\detectionresult\project\log4j-trunk\src\main\java\org\apache\log4j\rewrite\RewriteAppender.java,org.apache.log4j.rewrite.RewriteAppender,class,157,346,0.357722473,0.392088175,180,33,140,21,10,9,160,3,9,0,102,56,19,61,4,18,75,0,128,113,27,105,13,66,217,102,375,79,266,63,0,7,0,2860,4368,47,111,19,205,165,2993,405,25,38,0.260110385,43,95,2,4,0.11,0.67,0.23,0
org.apache.log4j.performance,F:\detectionresult\project\log4j-trunk\src\performance\java\org\apache\log4j\performance\SystemTime.java,org.apache.log4j.performance.SystemTime,class,10,23,0.305555557,0.305555557,24,9,16,0,0,8,25,0,0,0,15,12,4,0,0,11,0,0,20,7,14,3,0,8,23,37,65,27,43,7,0,1,0,347,13,0,17,6,26,16,214,40,0,0,0.166666667,5,7,1,0,0.2,0,0.2,1
org.apache.log4j.rewrite,F:\detectionresult\project\log4j-trunk\src\main\java\org\apache\log4j\spi\Configurator.java,org.apache.log4j.spi.Configurator,interface,13,22,0.049242425,0.07954545,26,0,18,0,2,6,26,0,0,1,6,2,2,1,2,1,2,0,9,4,1,3,2,4,15,14,25,15,13,5,0,0,0,376,5,6,6,2,26,18,253,39,3,5,-0.316666667,3,8,0,5,0.2,1,0.2,0
org.apache.log4j.spi,F:\detectionresult\project\log4j-trunk\src\main\java\org\apache\log4j\varia\DenyAllFilter.java,org.apache.log4j.varia.DenyAllFilter,class,75,101,0.157044787,0.216236244,166,2,149,5,0,12,162,5,10,1,57,21,18,25,1,13,24,0,37,69,2,57,4,4,36,41,174,12,98,17,0,0,0,1684,1110,12,57,18,166,149,1554,236,4,4,-0.657440476,158,53,12,3,0.58,0.2,0.22,1
org.apache.log4j.varia,F:\detectionresult\project\log4j-trunk\src\main\java\org\apache\log4j\WriterAppender.java,org.apache.log4j.WriterAppender,class,44,87,0.408658012,0.545670997,72,5,58,0,9,5,72,0,0,3,30,8,4,1,3,22,4,0,37,35,4,27,7,0,48,12,62,15,48,21,0,0,0,889,9,23,30,4,72,58,726,117,2,2,0.323701299,7,33,0,3,0,1,0,1
org.apache.log4j.xml,F:\detectionresult\project\log4j-trunk\src\main\java\org\apache\log4j\xml\XMLLayout.java,org.apache.log4j.xml.XMLLayout,class,51,142,0.14615976,0.267972358,50,11,26,4,17,3,46,0,1,0,43,34,0,8,1,34,36,0,112,25,13,25,9,8,155,18,206,35,185,11,5,1,0,634,7,51,43,0,61,36,1002,153,0,0,-0.442176871,13,30,2,7,0.17,0.78,0.06,1
org.apache.log4j.xml.examples,F:\detectionresult\project\log4j-trunk\src\main\javadoc\org\apache\log4j\xml\examples\XMLSample.java,XMLSample,class,7,23,0,0,8,8,2,0,0,6,8,0,0,0,2,2,0,0,0,2,0,0,6,0,0,2,0,0,16,8,6,10,6,2,0,0,0,102,2,8,2,0,8,2,56,10,0,0,0.5,2,6,12,5,0.1,0.29,0.61,0
org.jext,F:\detectionresult\project\jext-main\lib\org\jext\Utilities.java,org.jext.Utilities,class,180,1020,0.173451036,0.2665327,383,143,333,33,0,17,350,0,5,0,118,50,21,94,2,1,17,0,515,261,91,267,55,93,514,331,849,177,597,72,7,9,0,3131,1065,1,132,21,412,358,5275,1032,4,4,-0.347902818,306,123,24,21,0.12,0.47,0.41,0
org.jext.actions,F:\detectionresult\project\jext-main\lib\org\jext\actions\WordCount.java,org.jext.actions.WordCount,class,86,425,0,0,55,0,42,13,0,0,42,0,0,0,3,0,0,3,0,0,0,0,83,25,32,42,20,31,75,107,314,78,264,61,0,0,0,747,21,0,6,0,55,42,880,149,0,0,-0.920634921,1,11,2,6,0,0.75,0.25,1
org.jext.console,F:\detectionresult\project\jext-main\lib\org\jext\console\HistoryModel.java,org.jext.console.HistoryModel,class,43,256,0.521241569,0.62707153,81,8,60,12,0,9,69,0,0,1,58,13,9,49,0,0,6,0,49,47,27,79,21,13,72,127,272,45,179,33,3,7,0,900,6,1,98,9,122,86,2006,375,0,0,-0.12231405,30,16,5,3,0,0.38,0.62,0
org.jext.console.commands,F:\detectionresult\project\jext-main\lib\org\jext\console\commands\RunCommand.java,org.jext.console.commands.RunCommand,class,44,75,0.307692314,0.307692314,39,0,39,0,0,0,39,3,0,0,14,13,1,13,0,0,13,0,27,50,0,0,3,1,46,11,23,7,23,20,0,0,0,364,1037,4,14,1,39,39,310,59,12,12,0.692307692,1,35,1,3,0.08,0.75,0.17,0
org.jext.dawn,F:\detectionresult\project\jext-main\lib\org\jext\dawn\Function.java,org.jext.dawn.Function,class,13,85,0.217225717,0.284078733,70,16,69,1,0,0,69,2,0,0,25,14,9,16,0,0,6,0,28,52,9,44,6,17,87,42,98,27,66,12,4,0,0,624,2054,0,25,9,75,74,902,166,0,0,-0.288505747,12,12,14,1,0.2,0.07,0.73,0
org.jext.dawn.array,F:\detectionresult\project\jext-main\lib\org\jext\dawn\array\SetElementAtFunction.java,org.jext.dawn.array.SetElementAtFunction,class,22,37,0,0,18,0,18,0,0,0,18,0,0,0,0,0,0,0,0,0,0,0,0,0,1,0,4,0,17,7,10,4,10,5,0,0,0,245,9,0,0,0,18,18,147,19,0,0,-1,0,0,0,1,0,1,0,1
org.jext.dawn.err,F:\detectionresult\project\jext-main\lib\org\jext\dawn\err\TryCatchFunction.java,org.jext.dawn.err.TryCatchFunction,class,15,17,0,0,8,2,8,0,0,0,8,0,0,0,0,0,0,0,0,0,0,0,5,1,2,3,2,0,21,3,9,6,7,8,0,0,0,89,4,0,0,0,8,8,121,32,0,0,-1,3,3,0,1,0,1,0,0
org.jext.dawn.io,F:\detectionresult\project\jext-main\lib\org\jext\dawn\io\WriteLineFunction.java,org.jext.dawn.io.WriteLineFunction,class,41,65,0,0,38,10,38,0,0,0,38,0,0,0,1,1,1,0,0,0,1,0,17,7,0,9,6,6,45,9,13,17,13,7,0,0,0,433,15,0,1,1,38,38,359,54,0,0,-0.913333333,10,10,0,1,0,1,0,1
org.jext.dawn.javaccess,F:\detectionresult\project\jext-main\lib\org\jext\dawn\javaccess\NullFunction.java,org.jext.dawn.javaccess.NullFunction,class,21,69,0,0,16,0,14,2,0,0,14,0,0,0,1,1,1,0,0,0,1,0,1,0,8,35,7,51,41,30,70,21,44,22,1,0,0,247,7,0,1,1,17,15,275,67,0,0,-1,2,2,0,1,0,1,0,1
org.jext.dawn.loop,F:\detectionresult\project\jext-main\lib\org\jext\dawn\loop\WhileFunction.java,org.jext.dawn.loop.WhileFunction,class,12,39,0,0,6,0,6,0,0,0,6,0,0,0,0,0,0,0,0,0,0,0,6,0,10,5,3,0,46,13,33,18,25,20,0,0,0,113,3,0,0,0,6,6,242,70,0,0,-1,0,0,0,1,0,1,0,0
org.jext.dawn.math,F:\detectionresult\project\jext-main\lib\org\jext\dawn\math\TimesFunction.java,org.jext.dawn.math.TimesFunction,class,42,63,0,0,42,0,42,0,0,0,42,0,0,0,0,0,0,0,0,0,0,0,8,4,1,0,0,3,27,13,18,11,17,8,0,0,0,356,21,0,0,0,42,42,292,48,0,0,-1,0,0,0,1,0,1,0,1
org.jext.dawn.naming,F:\detectionresult\project\jext-main\lib\org\jext\dawn\naming\ToLiteralFunction.java,org.jext.dawn.naming.ToLiteralFunction,class,12,28,0,0,8,0,8,0,0,0,8,0,0,0,0,0,0,0,0,0,0,0,1,0,2,0,2,0,22,4,8,6,8,14,0,0,0,107,4,0,0,0,8,8,126,32,0,0,-1,0,0,0,1,0,1,0,0
org.jext.dawn.stack,F:\detectionresult\project\jext-main\lib\org\jext\dawn\stack\UnrotFunction.java,org.jext.dawn.stack.UnrotFunction,class,34,79,0,0,36,0,36,0,0,0,36,0,0,0,0,0,0,0,0,0,0,0,1,8,9,4,0,1,25,26,37,15,30,11,0,0,0,343,18,0,0,0,36,36,275,53,0,0,-1,0,0,0,1,0,1,0,1
org.jext.dawn.string,F:\detectionresult\project\jext-main\lib\org\jext\dawn\string\UpperCaseFunction.java,org.jext.dawn.string.UpperCaseFunction,class,42,91,0,0,40,0,40,0,0,0,40,0,0,0,0,0,0,0,0,0,0,0,0,2,3,2,1,0,28,19,23,2,23,8,0,0,0,441,20,0,0,0,40,40,292,49,0,0,-1,0,0,0,1,0,1,0,1
org.jext.dawn.test,F:\detectionresult\project\jext-main\lib\org\jext\dawn\test\XorFunction.java,org.jext.dawn.test.XorFunction,class,42,53,0,0,40,0,40,0,0,0,40,0,0,0,0,0,0,0,0,0,0,0,2,2,2,6,1,10,37,39,41,6,38,7,0,0,0,358,20,0,0,0,40,40,355,66,0,0,-1,0,0,0,1,0,1,0,1
org.jext.dawn.util,F:\detectionresult\project\jext-main\lib\org\jext\dawn\util\WaitFunction.java,org.jext.dawn.util.WaitFunction,class,37,65,0,0,30,0,30,0,0,0,30,0,0,0,1,1,1,0,0,0,0,0,6,0,3,2,4,4,22,3,19,5,18,6,0,0,0,295,15,0,1,1,30,30,230,33,0,0,-1,2,2,0,3,0,1,0,1
org.jext.event,F:\detectionresult\project\jext-main\lib\org\jext\event\JextListener.java,org.jext.event.JextListener,interface,3,1,0.7,1,6,0,6,0,0,0,6,0,0,0,19,16,16,3,0,0,16,0,0,3,0,0,0,0,0,16,22,0,19,0,0,0,0,170,2,0,19,16,6,6,127,6,0,0,-0.5,10,3,5,1,0.5,0.17,0.33,0
org.jext.gui,F:\detectionresult\project\jext-main\lib\org\jext\gui\VoidComponent.java,org.jext.gui.VoidComponent,class,78,345,0.202787849,0.2604708,226,22,204,16,5,1,215,3,0,0,92,22,7,79,6,0,13,0,87,93,9,54,10,20,103,145,260,40,184,37,2,7,0,1625,1077,0,111,7,251,225,1807,361,7,7,-0.138843208,44,45,11,3,0.1,0.21,0.69,1
org.jext.menus,F:\detectionresult\project\jext-main\lib\org\jext\menus\TemplatesMenu.java,org.jext.menus.TemplatesMenu,class,14,48,0.833333333,0.866666667,12,0,11,1,0,0,11,0,0,0,9,0,0,8,0,1,0,0,22,8,6,17,1,3,26,30,56,17,37,7,0,0,0,161,3,0,11,0,12,11,235,50,0,0,0.111111111,1,10,3,3,0,0.5,0.5,0
org.jext.misc,F:\detectionresult\project\jext-main\lib\org\jext\misc\ZipExplorer.java,org.jext.misc.ZipExplorer$ZipTableModel,innerclass,181,873,0.494405093,0.601066783,259,23,179,45,11,24,215,1,0,8,185,49,18,110,48,9,29,0,204,197,54,193,40,64,342,294,743,131,557,98,13,25,0,2746,1077,5,253,19,351,250,4153,858,7,8,-0.304269115,78,120,6,7,0.09,0.54,0.37,1
org.jext.oneclick,F:\detectionresult\project\jext-main\lib\org\jext\oneclick\OneAutoIndent.java,org.jext.oneclick.OneAutoIndent,class,4,3,0,0,2,0,2,0,0,0,2,0,0,0,0,0,0,0,0,0,0,0,2,0,0,0,0,0,1,0,1,0,1,0,0,0,0,14,1,0,0,0,2,2,9,2,0,0,-1,0,2,1,2,0,0.67,0.33,0
org.jext.options,F:\detectionresult\project\jext-main\lib\org\jext\options\UIOptions.java,org.jext.options.UIOptions$SkinItem,innerclass,132,497,0.486195287,0.507182941,147,5,115,19,4,9,128,0,0,0,69,4,2,61,0,6,3,0,336,69,37,56,6,46,527,164,359,28,303,42,3,16,0,1428,86,8,168,5,234,188,2419,456,0,0,-0.070382137,43,90,1,5,0,0.83,0.17,0
org.jext.print,F:\detectionresult\project\jext-main\lib\org\jext\print\PrintText.java,org.jext.print.PrintText$Page,innerclass,11,102,0.523412698,0.725,39,0,21,5,1,12,34,0,0,0,23,0,0,23,0,0,0,0,15,18,15,16,5,22,28,75,202,62,129,9,0,3,0,348,11,0,30,0,51,24,611,88,0,0,0.15,3,3,1,3,0,0.75,0.25,1
org.jext.project,F:\detectionresult\project\jext-main\lib\org\jext\project\ProjectManager.java,org.jext.project.ProjectManager,interface,39,94,0.292328046,0.435185186,65,0,58,2,5,0,63,19,0,1,28,12,12,12,4,0,15,0,10,19,10,11,2,24,16,21,58,0,51,13,1,1,0,575,2059,0,29,12,77,70,720,135,5,7,-0.271497585,18,25,1,3,0.55,0.75,0.3,0
org.jext.protocol.jextresource,F:\detectionresult\project\jext-main\lib\org\jext\protocol\jextresource\PluginResURLConnection.java,org.jext.protocol.jextresource.PluginResURLConnection,class,2,13,0.16666667,0.16666667,5,0,5,0,0,0,5,0,0,0,1,0,0,1,0,0,0,0,2,9,0,2,0,0,13,6,8,1,7,6,0,0,0,40,2,0,1,0,5,5,38,13,0,0,-0.125,1,1,0,1,0,1,0,0
org.jext.scripting,F:\detectionresult\project\jext-main\lib\org\jext\scripting\Logger.java,org.jext.scripting.Logger,interface,8,18,0.031746033,0.04761905,14,1,8,0,2,4,14,0,0,0,5,0,0,2,3,0,0,0,1,4,0,1,0,0,3,2,6,2,6,1,1,1,0,95,1026,0,5,0,18,12,80,21,1,1,-0.515151515,2,3,4,2,0.5,0.33,0.17,0
org.jext.scripting.dawn,F:\detectionresult\project\jext-main\lib\org\jext\scripting\dawn\Run.java,org.jext.scripting.dawn.Run$ThreadExecuter,innerclass,15,48,0.333333333,0.333333333,9,5,7,1,0,1,8,0,0,0,4,0,0,4,0,0,0,0,11,1,1,3,3,1,17,3,13,0,13,9,0,1,0,106,26,0,6,0,11,8,151,25,0,0,0.222222222,10,12,3,4,0,0.57,0.43,0
org.jext.scripting.dawn.functions,F:\detectionresult\project\jext-main\lib\org\jext\scripting\dawn\functions\YesNoFunction.java,org.jext.scripting.dawn.functions.YesNoFunction,class,56,78,0.0625,0.0625,32,0,31,0,0,1,32,0,0,0,1,0,0,1,0,0,0,0,10,0,0,5,0,1,39,4,29,1,27,3,0,1,0,327,15,0,2,0,34,32,248,37,0,0,-13.25,1,23,0,7,0,1,0,1
org.jext.scripting.python,F:\detectionresult\project\jext-main\lib\org\jext\scripting\python\Run.java,org.jext.scripting.python.Run,class,18,66,0.017857144,0.017857144,14,10,11,3,0,0,11,0,0,0,7,2,0,7,0,0,0,0,13,5,3,16,6,1,21,8,40,4,31,12,1,1,0,217,18,0,8,0,16,13,270,47,0,0,-0.222222222,12,8,2,7,0,0.78,0.22,0
org.jext.search,F:\detectionresult\project\jext-main\lib\org\jext\search\SearchResult.java,org.jext.search.SearchResult,class,61,273,0.549150657,0.694049941,71,20,48,21,0,2,50,0,1,0,45,6,6,38,0,1,3,0,49,60,40,80,6,24,92,226,305,75,215,34,2,3,0,734,9,0,62,11,76,53,1162,238,2,2,-0.30952381,15,26,2,5,0.07,0.71,0.21,0
org.jext.textarea,F:\detectionresult\project\jext-main\lib\org\jext\textarea\ScrollUp.java,org.jext.textarea.ScrollUp,class,21,96,0.111111111,0.111111111,18,0,18,0,0,0,18,0,0,0,7,5,5,2,0,0,5,0,14,5,3,13,5,14,20,22,65,27,54,16,0,0,0,207,137,0,7,5,18,18,240,46,0,0,-0.888888889,0,3,1,4,0,0.8,0.2,1
org.jext.toolbar,F:\detectionresult\project\jext-main\lib\org\jext\toolbar\JextToolBar.java,org.jext.toolbar.JextToolBar,class,15,62,0.346031757,0.3936508,17,0,15,2,0,0,16,0,0,0,7,1,0,7,0,0,0,0,10,1,3,8,1,5,9,13,29,2,25,7,1,0,0,154,3,0,7,0,18,16,185,33,0,0,0.291666667,3,9,3,4,0,0.57,0.43,0
org.jext.xinsert,F:\detectionresult\project\jext-main\lib\org\jext\xinsert\XTreeObject.java,org.jext.xinsert.XTreeObject,class,21,119,0.403809534,0.667301594,40,0,33,6,0,1,34,0,0,0,21,5,3,18,0,0,4,0,14,17,8,28,4,5,50,43,125,20,86,15,1,1,0,283,4,0,26,3,43,35,498,109,0,0,-0.121804511,8,17,2,7,0,0.78,0.22,0
org.jext.xml,F:\detectionresult\project\jext-main\lib\org\jext\xml\XPropertiesReader.java,org.jext.xml.XPropertiesReader,class,50,167,0.170436511,0.25912699,4.214285714,0.571428571,4.142857143,0.071428571,0,0,4.142857143,0,0,0,1.857142857,0,0,1.857142857,0,0,0,0,0.071428571,2.428571429,0.071428571,2.571428571,1.285714286,0.071428571,8.5,0.285714286,9.928571429,1.857142857,6.214285714,2.714285714,0,0,0,37.78571429,1,0,3.5,0,4.214285714,4.142857143,46.21428571,12.35714286,0,0,-0.261989796,1.285714286,1.428571429,2,5,0,0.71,0.29,1
org.jhotdraw.applet,F:\detectionresult\project\jhotdraw6-master\src\main\java\org\jhotdraw\applet\DrawApplet.java,org.jhotdraw.applet.DrawApplet,class,35,77,0.015151516,0.024621213,41,0,14,8,19,0,33,0,0,0,16,3,1,14,0,1,2,0,11,21,4,10,3,0,42,20,65,6,52,1,3,0,0,249,1,0,16,1,44,17,428,68,0,0,0.113636364,0,0,3,4,0,0.57,0.43,0
org.jhotdraw.application,F:\detectionresult\project\jhotdraw6-master\src\main\java\org\jhotdraw\application\DrawApplication.java,org.jhotdraw.application.DrawApplication,class,49,163,0.007836991,0.007836991,90,0,32,2,56,0,88,0,2,0,20,8,5,13,2,0,6,0,12,48,9,25,4,3,59,29,91,9,82,3,11,0,0,459,1,8,20,5,105,47,907,152,0,0,0.057142857,4,4,12,5,0,0.29,0.71,0
org.jhotdraw.contrib,F:\detectionresult\project\jhotdraw6-master\src\main\java\org\jhotdraw\contrib\WindowMenu.java,org.jhotdraw.contrib.WindowMenu$ChildMenuItem,innerclass,337,905,0.125957565,0.139524664,511,7,384,22,102,3,490,3,0,9,97,12,3,70,18,6,10,0,79,233,65,121,10,114,41,374,677,292,480,67,15,9,0,4052,1106,0,104,3,574,440,5245,882,7,8,-0.182203236,75,125,10,11,0.1,0.52,0.38,1
org.jhotdraw.contrib.dnd,F:\detectionresult\project\jhotdraw6-master\src\main\java\org\jhotdraw\contrib\dnd\JHDDropTargetListener.java,org.jhotdraw.contrib.dnd.JHDDropTargetListener$AddUndoActivity,innerclass,63,181,0.256790128,0.312233448,82,4,42,5,35,0,77,2,0,0,24,2,2,22,0,0,0,0,35,47,7,40,3,6,30,17,93,7,70,19,1,2,0,786,1049,0,27,2,91,51,907,186,0,0,0.055715045,21,33,2,3,0.2,0.6,0.2,0
org.jhotdraw.contrib.html,F:\detectionresult\project\jhotdraw6-master\src\main\java\org\jhotdraw\contrib\html\URLContentProducer.java,org.jhotdraw.contrib.html.URLContentProducer,class,122,274,-0.024812485,0.01146938,214,9,180,0,33,1,217,0,0,5,48,21,14,28,4,2,15,0,25,87,10,53,7,36,46,69,180,13,127,23,4,1,0,2804,2082,0,48,14,218,184,2413,288,21,42,-0.517140398,38,64,1,5,0.29,0.83,0.12,0
org.jhotdraw.contrib.zoom,F:\detectionresult\project\jhotdraw6-master\src\main\java\org\jhotdraw\contrib\zoom\ZoomUpdateStrategy.java,org.jhotdraw.contrib.zoom.ZoomUpdateStrategy,class,48,168,0.398429546,0.437420179,117,2,98,11,8,0,106,0,2,0,16,0,0,15,1,0,0,0,9,57,4,22,1,166,7,61,123,171,85,10,3,1,0,721,1035,0,18,0,129,110,880,183,1,1,-0.081910569,5,16,2,4,0.08,0.67,0.26,1
org.jhotdraw.figures,F:\detectionresult\project\jhotdraw6-master\src\main\java\org\jhotdraw\figures\UngroupCommand.java,org.jhotdraw.figures.UngroupCommand$UndoActivity,innerclass,373,788,0.103349258,0.123440047,434,12,339,23,71,1,411,1,0,0,103,29,4,90,6,3,25,0,109,221,34,111,2,78,30,232,505,169,393,56,0,10,0,2804,2178,0,116,4,494,385,4076,757,13,16,0.193812004,57,73,19,3,0.07,0.14,0.8,0
org.jhotdraw.framework,F:\detectionresult\project\jhotdraw6-master\src\main\java\org\jhotdraw\framework\ViewChangeListener.java,org.jhotdraw.framework.ViewChangeListener,interface,68,16,-0.00289855,-0.00289855,259,3,253,4,2,0,256,7,0,0,42,35,33,9,0,0,34,0,3,19,1,10,0,10,17,28,50,4,47,2,0,0,0,1979,26,0,42,33,259,253,1349,268,5,4,-0.724358974,136,40,20,2,0.81,0.09,0.1,1
org.jhotdraw.samples.javadraw,F:\detectionresult\project\jhotdraw6-master\src\main\java\org\jhotdraw\samples\javadraw\URLTool.java,org.jhotdraw.samples.javadraw.URLTool,class,120,131,0.329771067,0.369148354,7.3,0.1,4.8,0.7,1.6,0.2,6.6,0,0,0.6,2.3,0.5,0,2.3,0,0,0.3,0,0.7,2.7,0.5,2,0.4,2.1,9.8,2.9,13.1,5.2,7.2,1.5,0.7,0,0,53,0.9,0,2.3,0,8,5.5,65.3,11.2,0,0,0.195595238,1,1.2,3,9,0,0.75,0.25,1
org.jhotdraw.samples.mini,F:\detectionresult\project\jhotdraw6-master\src\main\java\org\jhotdraw\samples\mini\ConnectingFiguresSample.java,org.jhotdraw.samples.mini.ConnectingFiguresSample,class,0,1,NaN,NaN,1,1,1,0,0,0,1,0,0,0,0,0,0,0,0,0,0,0,1,0,0,0,0,0,0,0,0,0,0,0,1,0,0,26,1,0,0,0,2,2,37,2,0,0,-1,0,1,0,6,0,1,0,0
org.jhotdraw.samples.minimap,F:\detectionresult\project\jhotdraw6-master\src\main\java\org\jhotdraw\samples\minimap\MiniMapDesktop.java,org.jhotdraw.samples.minimap.MiniMapDesktop,class,10,9,0,0,4,1,1,0,3,0,4,0,0,0,1,0,0,1,0,0,0,0,1,3,0,0,0,0,1,3,6,0,6,0,0,0,0,45,2,0,1,0,4,1,34,4,0,0,0,2,5,1,4,0,0.8,0.2,0
org.jhotdraw.samples.net,F:\detectionresult\project\jhotdraw6-master\src\main\java\org\jhotdraw\samples\net\NodeFigure.java,org.jhotdraw.samples.net.NodeFigure,class,24,41,0.017857144,0.017857144,17,1,10,6,1,0,11,0,0,0,3,1,0,3,0,0,1,0,16,8,2,1,0,1,9,6,25,6,20,2,0,0,0,120,2,0,3,0,17,10,133,23,0,0,-0.392857143,2,3,1,5,0,0.83,0.17,0
org.jhotdraw.samples.nothing,F:\detectionresult\project\jhotdraw6-master\src\main\java\org\jhotdraw\samples\nothing\NothingApplet.java,org.jhotdraw.samples.nothing.NothingApplet,class,27,7,0,0,4,1,2,0,2,0,4,0,0,0,0,0,0,0,0,0,0,0,0,0,0,0,0,0,33,0,17,16,3,0,0,0,0,97,2,0,0,0,4,2,56,4,0,0,-2,1,1,1,5,0,0.83,0.17,0
org.jhotdraw.samples.offsetConnectors,F:\detectionresult\project\jhotdraw6-master\src\main\java\org\jhotdraw\samples\offsetConnectors\NodeFigure.java,org.jhotdraw.samples.offsetConnectors.NodeFigure,class,35,55,0.011904763,0.011904763,24,1,14,8,1,1,16,0,0,0,5,3,0,5,0,0,3,0,18,9,2,1,0,1,13,12,31,12,24,2,0,0,0,132,4,0,5,0,24,14,160,30,0,0,0.163461538,4,10,0,5,0,1,0,0
org.jhotdraw.samples.pert,F:\detectionresult\project\jhotdraw6-master\src\main\java\org\jhotdraw\samples\pert\PertFigureCreationTool.java,org.jhotdraw.samples.pert.PertFigureCreationTool,class,49,83,0.025,0.055,43,1,32,7,4,0,36,0,0,0,10,5,0,10,0,0,5,0,13,16,7,6,0,5,22,36,70,33,53,3,0,0,0,235,5,0,10,0,43,32,323,60,0,0,0.21875,9,9,1,6,0,0.86,0.14,0
org.jhotdraw.standard,F:\detectionresult\project\jhotdraw6-master\src\main\java\org\jhotdraw\standard\ToolButton.java,org.jhotdraw.standard.ToolButton,class,666,1374,0.169096117,0.192786961,893,28,666,40,178,9,853,13,2,19,201,37,15,176,8,2,26,0,139,465,92,226,12,109,21,272,693,157,543,96,9,21,0,5789,13579,0,230,21,1023,771,8037,1503,47,78,-0.104565463,156,200,20,5,0.13,0.2,0.67,0
org.jhotdraw.util,F:\detectionresult\project\jhotdraw6-master\src\main\java\org\jhotdraw\util\VersionRequester.java,org.jhotdraw.util.VersionRequester,interface,135,552,0.262364461,0.285551658,437,48,367,31,33,6,406,8,0,12,88,18,16,54,7,11,11,0,119,267,30,75,10,191,91,191,483,286,347,57,3,2,0,2743,2105,2,91,16,447,373,3581,674,9,10,-0.14355573,141,65,21,2,0.23,0.09,0.68,1
org.jhotdraw.util.collections.jdk11,F:\detectionresult\project\jhotdraw6-master\src\main\java\org\jhotdraw\util\collections\jdk11\SetWrapper.java,org.jhotdraw.util.collections.jdk11.SetWrapper,class,7,46,0.55318681,0.55318681,67,0,67,0,0,0,67,0,0,0,4,0,0,4,0,0,0,0,0,52,1,2,0,0,0,2,9,0,5,1,0,0,0,120,5,0,4,0,67,67,237,68,0,0,0.008717949,5,5,1,1,0,0.5,0.5,0
org.jhotdraw.util.collections.jdk12,F:\detectionresult\project\jhotdraw6-master\src\main\java\org\jhotdraw\util\collections\jdk12\CollectionsFactoryJDK12.java,org.jhotdraw.util.collections.jdk12.CollectionsFactoryJDK12,class,1,0,0,0,8,0,8,0,0,0,8,0,0,0,0,0,0,0,0,0,0,0,0,7,0,0,0,0,0,0,0,0,0,0,0,0,0,17,1,0,0,0,8,8,29,8,0,0,-1,0,0,1,1,0,0.5,0.5,0
org.junit,F:\detectionresult\project\junit4-r4.13.1\src\main\java\org\junit\TestCouldNotBeSkippedException.java,org.junit.TestCouldNotBeSkippedException,class,29,92,0.119047614,0.142857143,101,79,81,18,1,1,83,0,0,0,15,8,0,15,0,0,13,0,105,34,2,25,1,2,41,16,47,32,39,7,0,2,0,665,25,0,25,0,117,91,1034,163,0,0,-0.125,24,11,41,6,0.53,0.13,0.35,1
org.junit.experimental,F:\detectionresult\project\junit4-r4.13.1\src\main\java\org\junit\experimental\ParallelComputer.java,org.junit.experimental.ParallelComputer,class,6,4,0.6,1,6,3,4,1,1,0,5,0,0,0,2,0,0,2,0,0,2,0,2,5,0,0,0,1,0,0,4,0,4,1,1,0,0,18,1,0,3,0,8,6,43,9,0,0,0,1,3,1,3,0,0.75,0.25,0
org.junit.experimental.categories,F:\detectionresult\project\junit4-r4.13.1\src\main\java\org\junit\experimental\categories\IncludeCategories.java,org.junit.experimental.categories.IncludeCategories$IncludesAny,class,49,70,0.011363637,0.011363637,41,18,20,17,4,0,24,1,0,0,5,1,0,5,0,0,5,0,36,43,8,13,2,0,9,5,32,2,24,9,0,3,0,394,1105,0,9,0,67,37,503,110,4,4,-0.508035714,6,12,3,11,0.19,0.79,0.03,1
org.junit.experimental.max,F:\detectionresult\project\junit4-r4.13.1\src\main\java\org\junit\experimental\max\MaxHistory.java,org.junit.experimental.max.MaxHistory$TestComparator,class,26,58,0.119047623,0.119047623,31,4,16,10,0,5,21,0,0,0,9,3,0,9,0,0,7,0,13,29,2,5,6,0,6,6,22,3,21,6,1,2,0,295,23,0,11,0,38,22,302,55,0,0,0.077731092,6,17,1,7,0,0.88,0.12,0
org.junit.experimental.results,F:\detectionresult\project\junit4-r4.13.1\src\main\java\org\junit\experimental\results\ResultMatchers.java,org.junit.experimental.results.ResultMatchers,class,16,11,0.466666667,0.466666667,15,7,14,1,0,0,14,0,0,0,2,0,0,2,0,0,1,0,3,11,1,0,1,0,1,1,5,0,5,2,4,0,0,118,2,0,2,0,23,22,139,24,0,0,-0.571428571,4,8,7,4,0,0.36,0.64,0
org.junit.experimental.runners,F:\detectionresult\project\junit4-r4.13.1\src\main\java\org\junit\experimental\runners\Enclosed.java,org.junit.experimental.runners.Enclosed,class,3,7,NaN,NaN,2,1,1,1,0,0,1,0,0,0,0,0,0,0,0,0,0,0,2,1,1,0,0,0,0,0,1,0,1,2,0,0,0,52,1,0,0,0,2,1,20,4,0,0,-1,1,2,4,2,0,0.33,0.67,0
org.junit.experimental.theories,F:\detectionresult\project\junit4-r4.13.1\src\main\java\org\junit\experimental\theories\Theories.java,org.junit.experimental.theories.Theories$TheoryAnchor,class,29,79,0.106031748,0.156031742,43,6,20,12,11,0,31,3,0,0,8,2,0,8,0,0,6,0,20,26,8,16,0,2,13,12,23,8,23,6,3,2,0,432,2070,0,13,0,71,35,436,113,0,0,0.320533769,16,19,10,5,0.47,0.33,0.2,1
org.junit.experimental.theories.internal,F:\detectionresult\project\junit4-r4.13.1\src\main\java\org\junit\experimental\theories\internal\SpecificDataPointsSupplier.java,org.junit.experimental.theories.internal.SpecificDataPointsSupplier,class,40,118,0.4925926,0.522222228,47,5,23,16,8,0,31,0,0,0,7,1,0,7,0,0,6,0,26,41,18,4,4,1,13,11,61,4,57,12,0,1,0,281,14,0,8,0,50,25,386,87,1,1,-0.147619048,10,24,4,3,0,0.45,0.57,1
org.junit.experimental.theories.suppliers,F:\detectionresult\project\junit4-r4.13.1\src\main\java\org\junit\experimental\theories\suppliers\TestedOnSupplier.java,org.junit.experimental.theories.suppliers.TestedOnSupplier,class,5,4,NaN,NaN,1,0,1,0,0,0,1,0,0,0,0,0,0,0,0,0,0,0,1,1,1,0,0,0,1,0,3,0,3,1,0,0,0,13,1,0,0,0,1,1,15,2,0,0,-1,0,2,1,1,0.5,0.5,0,0
org.junit.function,F:\detectionresult\project\junit4-r4.13.1\src\main\java\org\junit\function\ThrowingRunnable.java,org.junit.function.ThrowingRunnable,interface,0,0,NaN,NaN,1,0,0,0,0,1,1,0,0,0,0,0,0,0,0,0,0,0,0,0,0,0,0,0,0,0,0,0,0,0,0,0,0,31,1,0,0,0,1,0,7,1,0,0,-1,2,0,4,0,1,0,0,0
org.junit.internal,F:\detectionresult\project\junit4-r4.13.1\src\main\java\org\junit\internal\Throwables.java,org.junit.internal.Throwables,class,28,101,0.161856662,0.175670996,63,21,32,21,8,2,42,1,0,1,18,9,3,15,0,0,17,0,40,42,9,26,6,4,57,11,55,18,51,15,4,1,0,616,1068,0,18,3,74,42,641,120,3,3,-0.200370946,25,12,23,12,0.08,0.34,0.58,1
org.junit.internal.builders,F:\detectionresult\project\junit4-r4.13.1\src\main\java\org\junit\internal\builders\SuiteMethodBuilder.java,org.junit.internal.builders.SuiteMethodBuilder,class,37,27,0.154761908,0.154761908,22,0,15,1,5,1,21,0,0,0,4,1,0,4,0,0,4,0,4,26,2,4,3,0,2,0,11,0,9,7,0,0,0,221,8,0,4,0,22,15,145,31,0,0,-0.625,8,11,5,9,0,0.64,0.36,0
org.junit.internal.management,F:\detectionresult\project\junit4-r4.13.1\src\main\java\org\junit\internal\management\ThreadMXBean.java,org.junit.internal.management.ThreadMXBean,interface,19,15,0,0,16,5,8,2,0,6,17,0,2,0,9,7,0,7,0,2,9,0,9,13,0,6,7,0,10,0,24,0,16,8,0,5,0,270,181,0,16,0,19,8,312,24,4,4,-0.416666667,19,16,2,1,0.17,0.33,0.5,1
org.junit.internal.matchers,F:\detectionresult\project\junit4-r4.13.1\src\main\java\org\junit\internal\matchers\TypeSafeMatcher.java,org.junit.internal.matchers.TypeSafeMatcher,class,23,27,0.691666675,0.691666675,23,6,12,3,8,0,20,1,1,0,4,0,0,4,0,0,3,0,4,11,2,3,0,0,8,2,7,0,5,3,0,0,0,156,1028,0,4,0,23,12,115,26,2,2,0.171428572,5,6,3,3,0.17,0.5,0.33,0
org.junit.internal.requests,F:\detectionresult\project\junit4-r4.13.1\src\main\java\org\junit\internal\requests\SortingRequest.java,org.junit.internal.requests.SortingRequest,class,27,15,0.666666668,0.666666668,13,0,9,0,4,0,13,1,1,0,10,0,0,10,0,0,9,0,1,10,0,3,3,0,1,0,13,0,13,6,0,2,0,108,1048,0,10,0,15,10,122,19,2,2,-0.2,3,12,2,5,0.25,0.71,0.04,1
org.junit.internal.runners,F:\detectionresult\project\junit4-r4.13.1\src\main\java\org\junit\internal\runners\TestMethod.java,org.junit.internal.runners.TestMethod,class,89,183,0.203849598,0.278740667,96,4,49,24,17,6,72,0,0,0,22,2,0,22,0,0,14,0,27,65,19,19,14,3,30,15,80,8,77,22,4,1,0,564,36,0,23,0,109,58,804,175,1,1,-0.05109127,15,49,11,9,0.05,0.45,0.5,1
org.junit.internal.runners.model,F:\detectionresult\project\junit4-r4.13.1\src\main\java\org\junit\internal\runners\model\ReflectiveCallable.java,org.junit.internal.runners.model.ReflectiveCallable,class,8,12,0.5,0.5,12,0,10,1,1,0,11,1,0,0,3,1,0,3,0,0,3,0,0,1,1,0,1,0,0,1,3,0,3,2,0,0,0,76,1027,0,3,0,12,10,69,14,0,0,-0.333333333,2,4,2,4,0.33,0.67,0,0
org.junit.internal.runners.rules,F:\detectionresult\project\junit4-r4.13.1\src\main\java\org\junit\internal\runners\rules\ValidationError.java,org.junit.internal.runners.rules.ValidationError,class,54,39,0.5,0.5,23,5,10,8,0,5,15,0,0,0,11,5,4,7,0,0,10,0,14,9,2,1,0,2,10,1,17,0,15,10,0,10,0,306,219,0,14,4,37,18,316,57,8,8,-0.689393939,19,31,2,3,0.08,0.6,0.32,0
org.junit.internal.runners.statements,F:\detectionresult\project\junit4-r4.13.1\src\main\java\org\junit\internal\runners\statements\RunBefores.java,org.junit.internal.runners.statements.RunBefores,class,24,51,0.666666675,0.75,28,1,18,8,2,0,20,0,0,0,19,0,0,19,0,0,16,0,8,21,4,8,10,1,10,14,48,4,41,11,0,2,0,324,17,0,23,0,34,23,404,56,0,0,0.15625,6,15,4,6,0,0.6,0.4,1
org.junit.matchers,F:\detectionresult\project\junit4-r4.13.1\src\main\java\org\junit\matchers\JUnitMatchers.java,org.junit.matchers.JUnitMatchers,class,5,9,0,0,10,10,10,0,0,0,10,0,0,0,0,0,0,0,0,0,0,0,2,10,0,0,0,0,0,0,0,0,0,0,0,0,0,78,1,0,0,0,10,10,74,10,0,0,-1,0,1,1,3,0.5,0.75,0.25,0
org.junit.rules,F:\detectionresult\project\junit4-r4.13.1\src\main\java\org\junit\rules\Verifier.java,org.junit.rules.Verifier,class,92,112,0.269386169,0.283746502,126,12,63,24,32,7,102,0,4,0,27,3,0,27,0,0,15,0,26,70,6,10,10,0,39,11,71,11,54,15,6,5,0,1677,3117,0,33,0,151,78,1195,186,13,17,-0.214512858,23,54,14,15,0.03,0.52,0.42,0
org.junit.runner,F:\detectionresult\project\junit4-r4.13.1\src\main\java\org\junit\runner\Runner.java,org.junit.runner.Runner,class,77,125,0.142667724,0.228275346,106,28,83,13,1,9,93,3,0,0,32,8,2,30,0,0,30,0,43,88,6,13,7,4,36,20,79,9,61,13,3,4,0,1034,2111,0,40,2,121,96,1003,144,1,1,-0.453244446,109,50,41,16,0.19,0.28,0.53,0
org.junit.runner.manipulation,F:\detectionresult\project\junit4-r4.13.1\src\main\java\org\junit\runner\manipulation\Sorter.java,org.junit.runner.manipulation.Sorter,class,33,21,-0.08095238,-0.08095238,31,5,20,2,2,7,29,3,1,0,9,6,2,7,0,0,9,0,5,17,0,8,1,1,10,2,21,2,21,4,6,2,0,530,2100,0,10,2,46,31,394,66,4,4,0.002136752,39,24,11,1,0.37,0.08,0.55,1
org.junit.runner.notification,F:\detectionresult\project\junit4-r4.13.1\src\main\java\org\junit\runner\notification\SynchronizedRunListener.java,org.junit.runner.notification.SynchronizedRunListener,class,25,33,0.076312578,0.100122103,49,0,42,1,1,5,48,1,0,0,9,2,0,9,0,0,8,0,3,13,1,4,1,1,5,3,14,2,13,4,9,1,0,541,1046,0,10,0,62,42,438,73,1,1,-0.136904762,38,20,23,6,0.12,0.21,0.68,0
org.junit.runners,F:\detectionresult\project\junit4-r4.13.1\src\main\java\org\junit\runners\Suite.java,org.junit.runners.Suite,class,123,226,0.213809524,0.228095239,107,6,23,32,49,3,75,3,3,0,28,7,0,20,0,8,25,0,31,69,21,26,13,6,18,13,120,6,96,18,8,5,0,1173,1094,0,43,0,135,36,1231,208,4,6,-0.063107543,14,60,35,14,0.22,0.29,0.49,0
org.junit.runners.model,F:\detectionresult\project\junit4-r4.13.1\src\main\java\org\junit\runners\model\TestTimedOutException.java,org.junit.runners.model.TestTimedOutException,class,42,165,0.433633333,0.478954966,106,8,73,14,5,14,92,8,0,0,18,6,0,18,0,0,18,0,33,80,22,23,6,4,28,19,51,8,49,16,3,2,0,876,3105,0,18,0,111,77,824,171,5,7,-0.345684524,110,20,27,9,0.14,0.25,0.61,1
org.junit.runners.parameterized,F:\detectionresult\project\junit4-r4.13.1\src\main\java\org\junit\runners\parameterized\TestWithParameters.java,org.junit.runners.parameterized.TestWithParameters,class,35,60,0.223214289,0.258928572,28,0,10,7,8,3,21,0,0,0,5,0,0,5,0,0,5,0,4,24,4,9,1,1,28,11,32,18,28,4,0,3,0,236,8,0,5,0,32,10,232,49,1,1,-0.622807018,9,15,2,9,0.12,0.82,0.06,0
org.junit.validator,F:\detectionresult\project\junit4-r4.13.1\src\main\java\org\junit\validator\TestClassValidator.java,org.junit.validator.TestClassValidator,class,32,27,0.2,0.2,17,0,7,1,0,9,16,2,0,0,5,5,0,5,0,0,5,0,5,16,3,2,1,0,3,0,17,2,17,5,0,4,0,274,2109,0,6,0,27,8,213,36,5,5,-0.333333333,9,22,4,7,0.28,0.64,0.08,0
org.quickserver.net.client,F:\detectionresult\project\QuickServer-Main-master\src\main\org\quickserver\net\client\HttpHost.java,org.quickserver.net.client.HttpHost,class,17,162,0.151126364,0.252248355,149,12,142,7,0,0,143,0,0,0,66,22,7,59,0,0,15,0,29,77,5,61,11,1,71,49,167,18,117,14,0,0,0,415,8,18,66,7,149,142,1022,235,3,4,0.083694728,43,8,6,1,0.1,0.14,0.76,1
org.quickserver.net.client.loaddistribution,F:\detectionresult\project\QuickServer-Main-master\src\main\org\quickserver\net\client\loaddistribution\LoadPattern.java,org.quickserver.net.client.loaddistribution.LoadPattern,interface,28,55,0.466666678,0.611111117,24,0,24,0,0,0,24,0,0,0,13,4,0,13,0,0,5,0,4,19,0,22,0,0,10,6,32,2,28,16,0,0,0,148,6,8,13,0,24,24,213,48,0,0,0,2,17,2,1,0.5,0.33,0.17,0
org.quickserver.net.client.monitoring.impl,F:\detectionresult\project\QuickServer-Main-master\src\main\org\quickserver\net\client\monitoring\impl\UDPMonitor.java,org.quickserver.net.client.monitoring.impl.UDPMonitor,class,27,146,0.234969477,0.271892553,42,13,42,0,0,0,43,0,0,0,21,9,0,20,0,1,6,0,23,31,5,49,10,1,39,10,98,14,66,21,2,0,0,271,7,29,21,0,44,44,588,101,0,0,-0.233908948,7,19,1,2,0,0.67,0.33,0
org.quickserver.net.client.pool,F:\detectionresult\project\QuickServer-Main-master\src\main\org\quickserver\net\client\pool\PooledBlockingClient.java,org.quickserver.net.client.pool.PooledBlockingClient,class,23,129,0.117405583,0.41587302,67,1,57,8,2,0,59,0,0,0,24,2,0,24,0,0,2,0,17,50,13,50,23,1,64,32,151,18,95,10,4,0,0,252,3,42,24,0,79,69,866,177,0,0,-0.25170068,3,16,0,5,0.14,1,0.14,0
org.quickserver.net.qsadmin,F:\detectionresult\project\QuickServer-Main-master\src\main\org\quickserver\net\qsadmin\Data.java,org.quickserver.net.qsadmin.Data,class,30,150,0.4,0.4,15,2,13,1,1,0,14,0,0,0,8,2,0,7,0,1,0,0,48,58,5,49,15,0,357,144,98,89,81,15,0,0,0,430,4,7,8,0,15,13,941,183,0,0,-0.375,5,13,3,7,0.12,0.7,0.18,1
org.quickserver.net.qsadmin.gui,F:\detectionresult\project\QuickServer-Main-master\src\main\org\quickserver\net\qsadmin\gui\SplashScreen.java,org.quickserver.net.qsadmin.gui.SplashScreen,class,59,330,0.263296421,0.449880271,139,8,129,10,0,0,130,0,1,3,136,10,6,126,2,2,4,0,56,72,9,105,16,2,351,243,498,95,233,26,22,3,0,1054,17,26,143,6,165,155,1936,328,0,0,-0.111346386,43,54,0,5,0.02,1,0.02,0
org.quickserver.net.server,F:\detectionresult\project\QuickServer-Main-master\src\main\org\quickserver\net\server\GhostSocketReaper.java,org.quickserver.net.server.GhostSocketReaper,class,37,61,-0.0625,-0.0625,114,0,34,9,0,71,105,0,0,0,27,17,16,11,0,0,17,0,12,17,5,23,8,2,48,32,73,16,52,9,0,0,0,1373,17,27,27,16,114,34,922,153,2,0,-0.692810458,57,22,9,14,0.5,0.61,0.11,0
org.quickserver.net.server.gui,F:\detectionresult\project\QuickServer-Main-master\src\main\org\quickserver\net\server\gui\About.java,org.quickserver.net.server.gui.About,class,4,28,0,0,3,2,3,0,0,0,3,0,0,0,19,0,3,15,0,1,0,0,12,0,0,0,2,0,21,49,66,11,23,1,1,0,0,74,1,0,19,3,4,4,140,4,0,0,0.5,2,3,1,3,0,0.75,0.25,0
org.quickserver.net.server.impl,F:\detectionresult\project\QuickServer-Main-master\src\main\org\quickserver\net\server\impl\SyncClientIdentifier.java,org.quickserver.net.server.impl.SyncClientIdentifier,class,90,470,0.100535941,0.244447591,215,10,152,22,41,0,193,15,0,4,90,17,0,36,54,0,14,0,121,161,31,356,38,5,329,97,463,128,193,32,0,1,0,1107,2065,189,91,0,216,153,3113,616,4,4,0.2622492,5,8,3,10,0.2,0.77,0.03,1
org.quickserver.security,F:\detectionresult\project\QuickServer-Main-master\src\main\org\quickserver\security\SecureStoreManager.java,org.quickserver.security.SecureStoreManager,class,9,50,0.05357143,0.05357143,39,0,37,0,2,0,39,0,0,0,2,1,0,2,0,0,0,0,14,15,4,24,2,0,41,6,49,10,27,2,0,0,0,212,2,32,2,0,39,37,267,65,0,0,-0.25,0,0,1,2,0,0.67,0.33,0
org.quickserver.sql,F:\detectionresult\project\QuickServer-Main-master\src\main\org\quickserver\sql\DBPoolUtil.java,org.quickserver.sql.DBPoolUtil,interface,0,0,0,0,4,0,4,0,0,0,4,0,0,0,0,0,0,0,0,0,0,0,0,0,0,0,0,0,0,0,0,0,0,0,0,0,0,67,1,0,0,0,4,4,23,4,0,0,-1,0,0,2,0,1,0,0,0
org.quickserver.swing,F:\detectionresult\project\QuickServer-Main-master\src\main\org\quickserver\swing\SensitiveInput.java,org.quickserver.swing.SensitiveInput,class,4,63,0.25,0.25,17,9,12,5,0,0,12,0,0,0,8,1,0,8,0,0,0,0,13,3,0,5,7,2,32,25,25,25,16,5,3,0,0,115,2,7,8,0,20,15,199,26,0,0,-0.291666667,7,3,4,1,0,0.2,0.8,0
org.quickserver.util,F:\detectionresult\project\QuickServer-Main-master\src\main\org\quickserver\util\TextFile.java,org.quickserver.util.TextFile,class,9,121,0.291208793,0.322954823,47,43,47,0,0,0,49,0,0,2,16,16,0,16,0,0,6,0,53,50,19,50,19,2,122,49,177,44,109,15,1,0,0,356,23,40,16,0,48,48,724,122,0,0,0.002354788,28,6,8,2,0.12,0.2,0.68,1
org.quickserver.util.io,F:\detectionresult\project\QuickServer-Main-master\src\main\org\quickserver\util\io\PasswordField.java,org.quickserver.util.io.PasswordField,class,14,113,0.289377293,0.395604408,40,6,34,6,0,0,36,0,2,12,18,3,0,18,0,0,2,0,19,47,18,66,12,4,33,85,136,27,71,15,0,0,0,323,5,26,18,0,40,34,724,137,0,0,-0.203703704,6,5,6,4,0,0.4,0.6,1
org.quickserver.util.logging,F:\detectionresult\project\QuickServer-Main-master\src\main\org\quickserver\util\logging\SimpleTextFormatter.java,org.quickserver.util.logging.SimpleTextFormatter,class,12,120,0.40064103,0.512820518,26,3,23,2,1,0,24,0,0,0,22,1,0,20,1,1,9,0,18,15,1,15,4,0,55,13,62,4,46,19,1,1,0,252,19,4,24,0,29,26,399,66,0,0,0.083333333,5,9,0,3,0,1,0,1
org.quickserver.util.pool,F:\detectionresult\project\QuickServer-Main-master\src\main\org\quickserver\util\pool\QSObjectPoolMaker.java,org.quickserver.util.pool.QSObjectPoolMaker,interface,22,59,0.041116446,0.114065634,52,1,50,1,1,0,51,0,0,3,18,2,2,10,4,2,2,0,6,28,2,11,3,1,7,10,41,2,27,8,0,1,0,292,17,5,21,4,52,50,364,72,3,2,-0.425925926,9,4,4,3,0.33,0.43,0.24,1
org.quickserver.util.pool.thread,F:\detectionresult\project\QuickServer-Main-master\src\main\org\quickserver\util\pool\thread\ThreadObjectFactory.java,org.quickserver.util.pool.thread.ThreadObjectFactory,class,14,51,0.273809523,0.679197983,37,1,33,2,2,0,35,0,1,2,18,4,0,14,4,0,3,0,5,23,1,10,6,6,21,11,48,10,25,9,0,1,0,235,11,12,19,0,38,34,353,58,0,0,0.178571429,7,9,0,0,0,0,1,0
org.quickserver.util.pool.thread.app,F:\detectionresult\project\QuickServer-Main-master\src\main\org\quickserver\util\pool\thread\app\QSUncaughtExceptionHandler.java,org.quickserver.util.pool.thread.app.QSUncaughtExceptionHandler,class,4,12,0.63636364,1,14,11,14,0,0,0,14,0,0,0,10,8,0,10,0,0,3,0,2,6,0,2,0,1,5,3,20,4,15,1,0,0,0,71,3,2,10,0,14,14,87,16,0,0,0,2,2,2,5,0,0.71,0.19,0
org.quickserver.util.xmlreader,F:\detectionresult\project\QuickServer-Main-master\src\main\org\quickserver\util\xmlreader\TrustStoreInfo.java,org.quickserver.util.xmlreader.TrustStoreInfo,class,105,351,0.142999077,0.166156673,277,6,275,1,1,0,276,0,0,0,109,3,0,109,0,0,1,0,11,152,6,208,2,0,873,52,314,333,167,35,0,0,0,1890,28,3,109,0,277,275,2817,468,7,7,-0.086311788,56,58,7,5,0,0.42,0.58,0
(default package),F:\detectionresult\project\1208\javacc-master\test\newToken\OldToken.java,Token,class,459,592,0.007488756,0.016744307,904,203,771,49,51,33,860,0,43,4,500,259,112,79,139,170,86,0,116,428,143,315,56,243,486,1612,2126,647,943,159,0,0,0,6006,140,2,503,112,904,771,9314,1627,0,0,-0.176604825,61,64,4,3,0,0.43,0.57,1
org.javacc,F:\detectionresult\project\1208\javacc-master\src\test\java\org\javacc\JavaCCTestCase.java,org.javacc.JavaCCTestCase,class,2,5,0,0,5,0,4,1,0,0,5,0,0,0,5,5,5,0,0,0,5,0,0,2,0,1,1,1,15,0,13,4,10,2,0,0,0,58,1026,0,5,5,5,4,66,5,0,0,-0.5,8,0,3,1,0.5,0.25,0.25,0
org.javacc.jjdoc,F:\detectionresult\project\1208\javacc-master\src\main\java\org\javacc\jjdoc\XTextGenerator.java,org.javacc.jjdoc.XTextGenerator,class,107,154,0.024786324,0.024786324,158,33,107,19,6,26,139,0,0,0,13,4,3,7,2,1,1,0,149,29,15,26,4,17,251,43,188,51,82,22,0,0,0,714,25,3,13,3,158,107,1344,274,8,8,-2.113340766,26,81,1,1,0.11,0.5,0.39,0
org.javacc.jjdoc.test,F:\detectionresult\project\1208\javacc-master\src\test\java\org\javacc\jjdoc\test\JJDocMainTest.java,org.javacc.jjdoc.test.JJDocMainTest,class,2,6,0,0,6,0,4,0,2,0,6,0,0,0,0,0,0,0,0,0,0,0,2,0,0,0,0,0,7,2,1,4,1,0,0,0,0,29,1,0,0,0,6,4,44,6,0,0,-1,0,1,0,1,0,1,0,0
org.javacc.jjtree,F:\detectionresult\project\1208\javacc-master\src\test\java\org\javacc\jjtree\JJTreeOptionsTest.java,org.javacc.jjtree.JJTreeOptionsTest,class,276,440,0.060362757,0.096517194,330,94,184,37,5,104,294,0,3,0,67,23,18,18,0,31,8,0,424,226,53,76,27,40,900,105,420,236,342,49,0,1,0,1910,164,0,69,18,331,185,3173,604,19,23,-0.135871651,148,172,1,4,0.03,0.8,0.17,0
org.javacc.parser,F:\detectionresult\project\1208\javacc-master\src\test\java\org\javacc\parser\OptionsTest.java,org.javacc.parser.OptionsTest,class,496,1477,0.094729173,0.139347114,622,266,372,76,46,128,549,1,9,0,426,234,204,128,13,81,105,0,1427,549,518,985,33,790,4445,3570,3066,1594,1817,149,0,17,0,6551,3339,0,448,221,663,411,14515,3021,49,58,-0.105299143,416,339,4,3,0.08,0.43,0.49,0
org.javacc.utils,F:\detectionresult\project\1208\javacc-master\src\test\java\org\javacc\utils\OutputFileGeneratorTest.java,org.javacc.utils.OutputFileGeneratorTest,class,9,50,0.36507938,0.5,22,2,13,9,0,0,13,0,0,0,6,0,0,3,0,3,2,0,6,24,5,32,2,7,26,31,53,20,38,5,0,0,0,159,3,0,6,0,22,13,246,61,0,0,-0.333333333,10,6,2,2,0,0.5,0.5,0
org.webmacro.parser,F:\detectionresult\project\1208\javacc-master\grammars\BackupCharStream.java,org.webmacro.parser.BackupCharStream$Buffer,innerclass,7,15,0.534632035,0.560606063,27,0,24,3,0,0,24,0,14,0,14,1,1,9,0,4,1,0,6,11,0,10,2,10,2,60,76,23,30,4,0,1,0,100,43,0,26,1,29,26,269,51,0,0,0.185185185,1,1,0,1,0,1,0,0
pl.allegro.tech.build.axion.release.domain,F:\detectionresult\project\1208\axion-release-plugin-master\src\main\java\pl\allegro\tech\build\axion\release\domain\VersionSorter.java,pl.allegro.tech.build.axion.release.domain.VersionSorter,class,57,92,0.58666667,0.75,45,0,36,6,0,3,39,0,11,0,40,2,1,28,0,11,40,0,14,32,2,2,1,8,33,1,103,15,95,7,0,5,0,347,69,4,54,1,54,41,419,69,0,0,0.019047619,21,41,2,3,0,0.6,0.4,0
pl.allegro.tech.build.axion.release.domain.hooks,F:\detectionresult\project\1208\axion-release-plugin-master\src\main\java\pl\allegro\tech\build\axion\release\domain\hooks\SimpleReleaseHookAction.java,pl.allegro.tech.build.axion.release.domain.hooks.SimpleReleaseHookAction,class,56,49,0.44128788,0.4905303,38,1,31,2,0,5,36,0,2,0,13,1,0,13,0,0,11,0,6,12,0,0,2,4,13,0,24,5,28,1,1,5,4,185,135,1,13,0,45,37,211,45,9,13,-0.55952381,16,26,0,5,0.15,1,0.15,0
pl.allegro.tech.build.axion.release.domain.logging,F:\detectionresult\project\1208\axion-release-plugin-master\src\main\java\pl\allegro\tech\build\axion\release\domain\logging\ReleaseLoggerFactory.java,pl.allegro.tech.build.axion.release.domain.logging.ReleaseLoggerFactory,interface,11,14,0.4,0.4,76,3,68,0,0,8,76,0,0,0,2,1,0,2,0,0,1,0,0,15,0,0,0,0,0,0,3,0,2,0,0,2,0,61,13,51,4,0,142,134,428,142,2,2,-0.4,10,5,4,2,0.4,0.33,0.27,0
pl.allegro.tech.build.axion.release.domain.properties,F:\detectionresult\project\1208\axion-release-plugin-master\src\main\java\pl\allegro\tech\build\axion\release\domain\properties\VersionProperties.java,pl.allegro.tech.build.axion.release.domain.properties.VersionProperties,class,11,3,0.470521551,1,41,0,41,0,0,0,41,0,30,0,31,0,0,31,0,0,31,0,4,33,0,1,0,0,0,0,32,0,31,0,0,0,0,97,7,0,31,0,41,41,192,41,0,0,0,19,6,3,1,0,0.25,0.75,0
pl.allegro.tech.build.axion.release.domain.scm,F:\detectionresult\project\1208\axion-release-plugin-master\src\main\java\pl\allegro\tech\build\axion\release\domain\scm\TagsOnCommit.java,pl.allegro.tech.build.axion.release.domain.scm.TagsOnCommit,class,22,33,0.39310024,0.63051282,74,9,58,1,0,15,73,0,8,0,32,1,0,32,0,0,31,0,6,45,1,1,2,0,9,3,40,4,36,3,0,0,1,228,11,4,32,0,74,58,299,77,0,0,-0.15044955,30,15,3,2,0.1,0.4,0.5,1
pl.allegro.tech.build.axion.release.infrastructure.config,F:\detectionresult\project\1208\axion-release-plugin-master\src\main\java\pl\allegro\tech\build\axion\release\infrastructure\config\MonorepoPropertiesFactory.java,pl.allegro.tech.build.axion.release.infrastructure.config.MonorepoPropertiesFactory,class,3,0,NaN,NaN,1,1,1,0,0,0,1,0,0,0,0,0,0,0,0,0,0,0,0,1,0,0,0,0,0,0,0,0,0,0,0,0,0,8,1,0,0,0,1,1,5,1,0,0,-1,0,0,0,2,0,1,0,0
pl.allegro.tech.build.axion.release.infrastructure.git,F:\detectionresult\project\1208\axion-release-plugin-master\src\main\java\pl\allegro\tech\build\axion\release\infrastructure\git\TransportConfigFactory.java,pl.allegro.tech.build.axion.release.infrastructure.git.TransportConfigFactory,class,66,169,0.31045752,0.31045752,51,6,21,23,2,5,28,0,0,0,13,3,0,11,0,2,12,0,21,50,4,17,23,4,31,6,87,6,88,12,0,1,14,393,27,20,15,0,52,21,556,94,0,0,0.035416667,3,7,0,4,0,1,0,1
pl.allegro.tech.build.axion.release.infrastructure.output,F:\detectionresult\project\1208\axion-release-plugin-master\src\main\java\pl\allegro\tech\build\axion\release\infrastructure\output\GradleReleaseLoggerFactory.java,pl.allegro.tech.build.axion.release.infrastructure.output.GradleReleaseLoggerFactory,class,8,18,0.5,0.5,76,0,76,0,0,0,76,0,0,0,1,0,0,1,0,0,1,0,0,16,0,0,0,0,0,0,1,0,1,0,0,1,0,41,11,59,2,0,150,150,458,150,0,0,0,1,1,1,2,0,0.67,0.33,0
pl.allegro.tech.build.axion.release.util,F:\detectionresult\project\1208\axion-release-plugin-master\src\main\java\pl\allegro\tech\build\axion\release\util\FileLoader.java,pl.allegro.tech.build.axion.release.util.FileLoader,class,2,8,0,0,6,5,4,1,0,1,5,0,0,0,1,1,0,1,0,0,0,0,3,7,1,1,1,4,0,1,8,0,7,2,0,1,0,37,26,0,1,0,7,4,50,11,0,0,-0.333333333,3,2,0,0,0,0,1,0
com.acme.servlet,F:\detectionresult\project\1208\cobertura-master\cobertura\src\test\java\com\acme\servlet\SimpleServlet.java,com.acme.servlet.SimpleServlet,class,3,4,NaN,NaN,1,0,0,0,1,0,1,0,0,0,0,0,0,0,0,0,0,0,0,0,0,1,1,0,2,0,1,0,1,2,0,0,0,20,1,0,0,0,1,0,14,2,0,0,-1,0,0,0,1,0,1,0,0
net.sourceforge.cobertura,F:\detectionresult\project\1208\cobertura-master\cobertura\src\main\java\net\sourceforge\cobertura\Cobertura.java,net.sourceforge.cobertura.Cobertura,class,0,0,-1,-1,0,0,0,0,0,0,0,0,0,0,1,1,1,0,0,0,0,0,0,0,0,0,0,0,1,0,1,0,1,0,0,0,0,40,1,0,1,1,0,0,7,0,0,0,-1,1,0,0,0,0.5,0,0.5,0
net.sourceforge.cobertura.ant,F:\detectionresult\project\1208\cobertura-master\cobertura\src\test\java\net\sourceforge\cobertura\ant\Util.java,net.sourceforge.cobertura.ant.Util,class,87,310,0.346099206,0.464864367,122,27,80,30,2,10,93,0,0,0,69,12,9,31,1,28,20,0,68,38,27,45,10,11,352,65,286,46,216,24,2,3,0,1099,2087,2,82,9,127,83,1269,229,6,6,-0.050134172,37,32,0,4,0.09,1,0.09,0
net.sourceforge.cobertura.bugs,F:\detectionresult\project\1208\cobertura-master\cobertura\src\test\java\net\sourceforge\cobertura\bugs\NewFeatureTwitter.java,net.sourceforge.cobertura.bugs.NewFeatureTwitter,class,14,27,1,1,6,0,6,0,0,0,6,0,0,0,9,4,0,0,0,9,4,0,5,0,1,0,1,0,135,3,27,8,25,2,0,0,0,187,5,0,9,0,6,6,89,8,0,0,-0.6,0,3,0,2,0,1,0,0
net.sourceforge.cobertura.check,F:\detectionresult\project\1208\cobertura-master\cobertura\src\main\java\net\sourceforge\cobertura\check\PackageCoverage.java,net.sourceforge.cobertura.check.PackageCoverage,class,9,54,0.33650795,0.44761905,21,1,13,4,0,4,17,0,0,0,10,1,0,7,0,3,3,0,8,14,4,15,0,20,39,60,74,20,42,2,0,0,0,138,3,1,10,0,21,13,234,54,0,0,0.266666667,3,7,0,1,0,1,0,0
net.sourceforge.cobertura.coveragedata,F:\detectionresult\project\1208\cobertura-master\cobertura\src\test\java\net\sourceforge\cobertura\coveragedata\SwitchDataTest.java,net.sourceforge.cobertura.coveragedata.SwitchDataTest,class,97,443,0.482537748,0.558242241,237,16,196,16,1,24,222,0,0,7,67,18,0,64,2,1,31,0,61,150,68,97,84,89,200,674,407,58,312,42,6,1,0,1349,2080,18,72,0,253,210,2651,446,9,13,-0.015072328,81,58,6,2,0.22,0.25,0.53,0
net.sourceforge.cobertura.instrument,F:\detectionresult\project\1208\cobertura-master\cobertura\src\test\java\net\sourceforge\cobertura\instrument\CoberturaInstrumenterTest.java,net.sourceforge.cobertura.instrument.CoberturaInstrumenterTest,class,89,232,0.525667197,0.712192571,107,2,76,16,2,13,91,0,0,0,51,6,1,42,8,0,21,0,40,47,12,24,19,19,79,24,193,37,138,20,0,3,0,1332,1055,37,55,1,115,84,1247,181,1,1,-0.083333333,19,28,3,3,0.12,0.5,0.38,0
net.sourceforge.cobertura.instrument.pass1,F:\detectionresult\project\1208\cobertura-master\cobertura\src\main\java\net\sourceforge\cobertura\instrument\pass1\DetectIgnoredCodeMethodVisitor.java,net.sourceforge.cobertura.instrument.pass1.DetectIgnoredCodeMethodVisitor,class,30,96,0.336666675,0.556666667,62,1,55,6,0,1,56,0,0,0,24,0,1,18,0,5,13,0,6,22,6,36,0,10,32,12,43,14,38,7,0,2,0,654,15,1,26,1,64,56,459,104,0,0,0.102941176,9,7,0,2,0.12,1,0.12,1
net.sourceforge.cobertura.instrument.pass2,F:\detectionresult\project\1208\cobertura-master\cobertura\src\main\java\net\sourceforge\cobertura\instrument\pass2\BuildClassMapTouchPointListener.java,net.sourceforge.cobertura.instrument.pass2.BuildClassMapTouchPointListener,class,13,19,0.49404763,0.70833333,16,0,16,0,0,0,16,0,0,0,5,0,0,5,0,0,4,0,0,5,0,2,0,3,0,3,10,1,7,1,0,0,0,169,2,0,5,0,16,16,111,20,0,0,0.222222222,2,5,0,3,0,1,0,0
net.sourceforge.cobertura.instrument.pass3,F:\detectionresult\project\1208\cobertura-master\cobertura\src\main\java\net\sourceforge\cobertura\instrument\pass3\TestUnitCodeProvider.java,net.sourceforge.cobertura.instrument.pass3.TestUnitCodeProvider,class,57,123,0.676388888,0.70277778,51,0,48,1,2,0,50,9,0,0,19,9,5,10,0,4,16,0,0,2,6,8,0,7,72,55,62,11,58,7,0,2,0,1030,1033,2,20,5,53,50,643,76,7,7,-0.0125,10,15,0,3,0.22,1,0.22,0
net.sourceforge.cobertura.instrument.tp,F:\detectionresult\project\1208\cobertura-master\cobertura\src\main\java\net\sourceforge\cobertura\instrument\tp\TouchPointDescriptor.java,net.sourceforge.cobertura.instrument.tp.TouchPointDescriptor,class,13,54,0.355639102,0.74666668,47,0,45,2,0,0,45,1,0,0,24,1,0,24,0,0,12,0,1,34,13,14,0,4,16,13,66,8,53,7,0,0,0,509,1029,6,24,0,47,45,457,95,3,3,0.213333333,9,6,2,2,0.2,0.5,0.3,0
net.sourceforge.cobertura.javancss,F:\detectionresult\project\1208\cobertura-master\cobertura\src\main\java\net\sourceforge\cobertura\javancss\PackageMetric.java,net.sourceforge.cobertura.javancss.PackageMetric,class,15,45,0.164848486,0.191725956,43,0,36,7,0,0,36,0,0,0,30,1,13,17,0,0,1,0,23,30,3,19,9,8,75,26,123,18,44,4,0,0,0,282,1029,19,30,13,43,36,458,65,3,3,0.633333333,4,4,0,2,0.2,1,0.2,0
net.sourceforge.cobertura.javancss.ccl,F:\detectionresult\project\1208\cobertura-master\cobertura\src\main\java\net\sourceforge\cobertura\javancss\ccl\Util.java,net.sourceforge.cobertura.javancss.ccl.Util,class,3,39,0.0125,0.0125,28,24,22,6,0,0,22,1,0,0,2,2,1,1,0,0,1,0,15,18,2,7,3,2,5,9,25,3,14,8,0,0,0,314,4,0,2,1,28,22,244,45,0,0,-0.592105263,5,3,1,0,0.25,0,0.75,0
net.sourceforge.cobertura.jdk,F:\detectionresult\project\1208\cobertura-master\cobertura\src\test\java\net\sourceforge\cobertura\jdk\JDKTest.java,net.sourceforge.cobertura.jdk.JDKTest,class,14,56,1,1,14,2,14,0,0,0,14,0,0,0,6,6,0,0,0,6,3,0,33,0,0,0,0,0,101,12,32,4,32,0,0,0,0,159,2,2,6,0,14,14,144,14,0,0,0,1,5,0,2,0,1,0,0
net.sourceforge.cobertura.merge,F:\detectionresult\project\1208\cobertura-master\cobertura\src\test\java\net\sourceforge\cobertura\merge\MergeTest.java,net.sourceforge.cobertura.merge.MergeTest,class,18,67,0.5,0.5,14,1,12,1,1,0,13,0,0,0,17,0,0,17,0,0,0,0,22,1,4,2,1,6,118,83,77,1,72,5,0,0,0,138,3,0,17,0,14,12,317,24,0,0,-0.333333333,2,9,0,3,0,1,0,0
net.sourceforge.cobertura.reporting,F:\detectionresult\project\1208\cobertura-master\cobertura\src\test\java\net\sourceforge\cobertura\reporting\JUnitXMLParserErrorHandler.java,net.sourceforge.cobertura.reporting.JUnitXMLParserErrorHandler,class,47,97,0.357407412,0.383333333,39,2,27,10,2,0,29,0,0,0,16,3,1,15,0,0,5,0,18,17,4,33,9,1,103,48,98,21,81,8,0,1,0,544,17,5,18,1,43,31,510,74,0,0,-0.258653846,16,27,2,5,0,0.71,0.29,1
net.sourceforge.cobertura.reporting.html,F:\detectionresult\project\1208\cobertura-master\cobertura\src\test\java\net\sourceforge\cobertura\reporting\html\JavaToHtmlTest.java,net.sourceforge.cobertura.reporting.html.JavaToHtmlTest,class,22,111,-0.5,-0.5,28,9,5,23,0,0,6,0,0,0,20,14,9,11,0,0,14,0,40,28,17,60,8,48,344,51,133,64,97,10,0,1,0,405,1037,2,29,18,28,5,705,103,0,0,-0.4,6,9,0,4,0.2,1,0.2,0
net.sourceforge.cobertura.reporting.html.files,F:\detectionresult\project\1208\cobertura-master\cobertura\src\test\java\net\sourceforge\cobertura\reporting\html\files\CopyFilesTest.java,net.sourceforge.cobertura.reporting.html.files.CopyFilesTest,class,5,17,1,1,6,4,4,2,0,0,4,0,1,0,2,2,0,2,0,0,2,0,19,0,2,5,3,2,40,5,16,1,14,5,0,0,0,81,1026,0,2,0,6,4,105,12,0,0,-0.5,4,3,0,1,0.5,1,0.5,0
net.sourceforge.cobertura.reporting.xml,F:\detectionresult\project\1208\cobertura-master\cobertura\src\test\java\net\sourceforge\cobertura\reporting\xml\XMLReportTest.java,net.sourceforge.cobertura.reporting.xml.XMLReportTest,class,29,97,0.488888893,0.55555556,29,1,5,18,0,6,11,0,0,0,11,4,0,10,1,0,8,0,10,1,10,0,2,0,106,11,60,14,57,3,0,0,0,215,3,2,11,0,29,5,266,43,0,0,0.222222222,3,18,0,4,0,1,0,0
net.sourceforge.cobertura.scala,F:\detectionresult\project\1208\cobertura-master\cobertura\src\test\java\net\sourceforge\cobertura\scala\BasicScalaTest.java,net.sourceforge.cobertura.scala.BasicScalaTest,class,1,1,NaN,NaN,1,0,1,0,0,0,1,0,0,0,0,0,0,0,0,0,0,0,0,0,0,0,0,0,1,0,0,0,0,0,0,0,0,6,1,0,0,0,1,1,5,1,0,0,-1,0,0,1,0,0,0,1,0
net.sourceforge.cobertura.test,F:\detectionresult\project\1208\cobertura-master\cobertura\src\test\java\net\sourceforge\cobertura\test\SwitchFunctionalTest.java,net.sourceforge.cobertura.test.SwitchFunctionalTest,class,72,255,0.653333334,0.653333334,29,6,29,0,0,0,29,0,0,0,23,6,6,0,0,17,0,0,109,2,9,8,1,4,1027,24,160,37,135,8,6,0,0,718,8,0,23,6,29,29,697,47,3,3,0.1,5,21,2,2,0,0.5,0.5,1
net.sourceforge.cobertura.test.util,F:\detectionresult\project\1208\cobertura-master\cobertura\src\test\java\net\sourceforge\cobertura\test\util\WebappServer.java,net.sourceforge.cobertura.test.util.WebappServer,class,38,159,0.115800868,0.191558433,45,23,33,12,0,0,34,0,0,1,19,14,7,8,0,4,13,0,26,21,29,13,9,4,176,16,178,19,167,20,3,0,0,372,2,3,20,7,48,36,756,133,0,0,0.262237762,24,4,2,2,0,0.5,0.5,0
net.sourceforge.cobertura.thread.test,F:\detectionresult\project\1208\cobertura-master\cobertura\src\test\java\net\sourceforge\cobertura\thread\test\ThreadedFunctionalTest.java,net.sourceforge.cobertura.thread.test.ThreadedFunctionalTest,class,29,78,0,0,13,0,9,4,0,0,10,0,0,0,10,6,0,6,0,4,0,0,15,2,4,0,3,0,140,9,50,13,47,3,0,0,0,266,2,0,10,0,13,9,208,15,0,0,0.4875,0,5,0,2,0,1,0,0
net.sourceforge.cobertura.util,F:\detectionresult\project\1208\cobertura-master\cobertura\src\test\java\net\sourceforge\cobertura\util\StringUtilTest.java,net.sourceforge.cobertura.util.StringUtilTest,class,41,221,0.270028012,0.311344538,83,20,68,12,3,0,71,0,1,0,24,11,3,21,0,0,9,0,60,44,24,26,39,16,249,75,204,47,142,29,0,1,0,1154,5140,14,24,3,84,69,1176,147,0,0,-0.394319131,48,17,7,1,0.26,0.12,0.61,1
net.sourceforge.cobertura.webapp,F:\detectionresult\project\1208\cobertura-master\cobertura\src\main\java\net\sourceforge\cobertura\webapp\FlushCoberturaServlet.java,net.sourceforge.cobertura.webapp.FlushCoberturaServlet,class,4,10,0,0,2,0,0,0,2,0,2,0,0,0,1,1,0,1,0,0,1,0,1,0,0,0,1,0,5,3,6,1,6,1,0,0,0,44,1,0,1,0,2,0,25,2,0,0,0,1,0,0,1,0,1,0,0
net.sourceforge.cobertura.webapp.test,F:\detectionresult\project\1208\cobertura-master\cobertura\src\test\java\net\sourceforge\cobertura\webapp\test\WebAppFunctionalTest.java,net.sourceforge.cobertura.webapp.test.WebAppFunctionalTest,class,18,62,0.5090909,0.6545454,18,0,11,7,0,0,11,0,0,0,6,2,1,1,0,4,2,0,20,1,0,1,0,0,51,9,50,1,45,1,0,0,0,124,1,0,6,1,18,11,209,21,0,0,0,0,4,0,1,0,1,0,0
test.condition,F:\detectionresult\project\1208\cobertura-master\cobertura\src\test\resources\examples\functionalconditiontest\src\test\condition\Test.java,Test,class,22,28,-0.166666667,-0.166666667,26,3,23,0,0,3,29,0,0,0,24,24,21,3,0,0,21,0,3,33,0,6,3,48,60,90,32,3,29,6,0,0,0,202,10,3,24,21,26,23,307,68,0,0,-0.416666667,5,5,0,1,0,1,0,1
