package name,file,class,type,uniqueWordsQty,is_UD
org.quickserver.net.client,F:\detectionresult\project\QuickServer-Main-master\src\main\org\quickserver\net\client\HttpHost.java,org.quickserver.net.client.HttpHost,class,415,1
org.quickserver.net.client.loaddistribution,F:\detectionresult\project\QuickServer-Main-master\src\main\org\quickserver\net\client\loaddistribution\LoadPattern.java,org.quickserver.net.client.loaddistribution.LoadPattern,interface,148,0
org.quickserver.net.client.monitoring.impl,F:\detectionresult\project\QuickServer-Main-master\src\main\org\quickserver\net\client\monitoring\impl\UDPMonitor.java,org.quickserver.net.client.monitoring.impl.UDPMonitor,class,271,0
org.quickserver.net.client.pool,F:\detectionresult\project\QuickServer-Main-master\src\main\org\quickserver\net\client\pool\PooledBlockingClient.java,org.quickserver.net.client.pool.PooledBlockingClient,class,252,0
org.quickserver.net.qsadmin,F:\detectionresult\project\QuickServer-Main-master\src\main\org\quickserver\net\qsadmin\Data.java,org.quickserver.net.qsadmin.Data,class,430,0
org.quickserver.net.qsadmin.gui,F:\detectionresult\project\QuickServer-Main-master\src\main\org\quickserver\net\qsadmin\gui\SplashScreen.java,org.quickserver.net.qsadmin.gui.SplashScreen,class,1054,0
org.quickserver.net.server,F:\detectionresult\project\QuickServer-Main-master\src\main\org\quickserver\net\server\GhostSocketReaper.java,org.quickserver.net.server.GhostSocketReaper,class,1373,0
org.quickserver.net.server.gui,F:\detectionresult\project\QuickServer-Main-master\src\main\org\quickserver\net\server\gui\About.java,org.quickserver.net.server.gui.About,class,74,0
org.quickserver.net.server.impl,F:\detectionresult\project\QuickServer-Main-master\src\main\org\quickserver\net\server\impl\SyncClientIdentifier.java,org.quickserver.net.server.impl.SyncClientIdentifier,class,1107,0
org.quickserver.security,F:\detectionresult\project\QuickServer-Main-master\src\main\org\quickserver\security\SecureStoreManager.java,org.quickserver.security.SecureStoreManager,class,212,0
org.quickserver.sql,F:\detectionresult\project\QuickServer-Main-master\src\main\org\quickserver\sql\DBPoolUtil.java,org.quickserver.sql.DBPoolUtil,interface,67,1
org.quickserver.swing,F:\detectionresult\project\QuickServer-Main-master\src\main\org\quickserver\swing\SensitiveInput.java,org.quickserver.swing.SensitiveInput,class,115,1
org.quickserver.util,F:\detectionresult\project\QuickServer-Main-master\src\main\org\quickserver\util\TextFile.java,org.quickserver.util.TextFile,class,356,0
org.quickserver.util.io,F:\detectionresult\project\QuickServer-Main-master\src\main\org\quickserver\util\io\PasswordField.java,org.quickserver.util.io.PasswordField,class,323,1
org.quickserver.util.logging,F:\detectionresult\project\QuickServer-Main-master\src\main\org\quickserver\util\logging\SimpleTextFormatter.java,org.quickserver.util.logging.SimpleTextFormatter,class,252,0
org.quickserver.util.pool,F:\detectionresult\project\QuickServer-Main-master\src\main\org\quickserver\util\pool\QSObjectPoolMaker.java,org.quickserver.util.pool.QSObjectPoolMaker,interface,292,1
org.quickserver.util.pool.thread,F:\detectionresult\project\QuickServer-Main-master\src\main\org\quickserver\util\pool\thread\ThreadObjectFactory.java,org.quickserver.util.pool.thread.ThreadObjectFactory,class,235,0
org.quickserver.util.pool.thread.app,F:\detectionresult\project\QuickServer-Main-master\src\main\org\quickserver\util\pool\thread\app\QSUncaughtExceptionHandler.java,org.quickserver.util.pool.thread.app.QSUncaughtExceptionHandler,class,71,1
org.quickserver.util.xmlreader,F:\detectionresult\project\QuickServer-Main-master\src\main\org\quickserver\util\xmlreader\TrustStoreInfo.java,org.quickserver.util.xmlreader.TrustStoreInfo,class,1890,1
net.sourceforge.pmd.cpd,F:\github文件\pmd-src-7.0.0-SNAPSHOT\pmd-java\src\main\java\net\sourceforge\pmd\cpd\JavaTokenizer.java,net.sourceforge.pmd.cpd.JavaTokenizer$JavaTokenFilter,innerclass,167,0
net.sourceforge.pmd.lang.java,F:\github文件\pmd-src-7.0.0-SNAPSHOT\pmd-java\src\main\java\net\sourceforge\pmd\lang\java\JavaLanguageModule.java,net.sourceforge.pmd.lang.java.JavaLanguageModule,class,20,0
net.sourceforge.pmd.lang.java.ast,F:\github文件\pmd-src-7.0.0-SNAPSHOT\pmd-java\src\main\java\net\sourceforge\pmd\lang\java\ast\TypesFromAst.java,net.sourceforge.pmd.lang.java.ast.TypesFromAst,class,12385,1
net.sourceforge.pmd.lang.java.ast.internal,F:\github文件\pmd-src-7.0.0-SNAPSHOT\pmd-java\src\main\java\net\sourceforge\pmd\lang\java\ast\internal\ReportingStrategy.java,net.sourceforge.pmd.lang.java.ast.internal.ReportingStrategy,interface,360,0
net.sourceforge.pmd.lang.java.internal,F:\github文件\pmd-src-7.0.0-SNAPSHOT\pmd-java\src\main\java\net\sourceforge\pmd\lang\java\internal\JavaLanguageHandler.java,net.sourceforge.pmd.lang.java.internal.JavaLanguageHandler$JavaMetricsProvider,innerclass,251,0
net.sourceforge.pmd.lang.java.javadoc,F:\github文件\pmd-src-7.0.0-SNAPSHOT\pmd-java\src\main\java\net\sourceforge\pmd\lang\java\javadoc\JavadocTag.java,net.sourceforge.pmd.lang.java.javadoc.JavadocTag,class,54,1
net.sourceforge.pmd.lang.java.metrics,F:\github文件\pmd-src-7.0.0-SNAPSHOT\pmd-java\src\main\java\net\sourceforge\pmd\lang\java\metrics\AbstractJavaOperationMetric.java,net.sourceforge.pmd.lang.java.metrics.AbstractJavaOperationMetric,class,150,0
net.sourceforge.pmd.lang.java.metrics.api,F:\github文件\pmd-src-7.0.0-SNAPSHOT\pmd-java\src\main\java\net\sourceforge\pmd\lang\java\metrics\api\JavaOperationMetric.java,net.sourceforge.pmd.lang.java.metrics.api.JavaOperationMetric,interface,20,0
net.sourceforge.pmd.lang.java.metrics.internal,F:\github文件\pmd-src-7.0.0-SNAPSHOT\pmd-java\src\main\java\net\sourceforge\pmd\lang\java\metrics\internal\WocMetric.java,net.sourceforge.pmd.lang.java.metrics.internal.WocMetric,class,530,1
net.sourceforge.pmd.lang.java.metrics.internal.visitors,F:\github文件\pmd-src-7.0.0-SNAPSHOT\pmd-java\src\main\java\net\sourceforge\pmd\lang\java\metrics\internal\visitors\TccAttributeAccessCollector.java,net.sourceforge.pmd.lang.java.metrics.internal.visitors.TccAttributeAccessCollector,class,350,0
net.sourceforge.pmd.lang.java.multifile.signature,F:\github文件\pmd-src-7.0.0-SNAPSHOT\pmd-java\src\main\java\net\sourceforge\pmd\lang\java\multifile\signature\JavaSignature.java,net.sourceforge.pmd.lang.java.multifile.signature.JavaSignature,class,255,0
net.sourceforge.pmd.lang.java.rule,F:\github文件\pmd-src-7.0.0-SNAPSHOT\pmd-java\src\main\java\net\sourceforge\pmd\lang\java\rule\JavaRuleViolation.java,net.sourceforge.pmd.lang.java.rule.JavaRuleViolation,class,628,0
net.sourceforge.pmd.lang.java.rule.bestpractices,F:\github文件\pmd-src-7.0.0-SNAPSHOT\pmd-java\src\main\java\net\sourceforge\pmd\lang\java\rule\bestpractices\UseCollectionIsEmptyRule.java,net.sourceforge.pmd.lang.java.rule.bestpractices.UseCollectionIsEmptyRule,class,2880,0
net.sourceforge.pmd.lang.java.rule.codestyle,F:\github文件\pmd-src-7.0.0-SNAPSHOT\pmd-java\src\main\java\net\sourceforge\pmd\lang\java\rule\codestyle\UnnecessaryReturnRule.java,net.sourceforge.pmd.lang.java.rule.codestyle.UnnecessaryReturnRule,class,1796,0
net.sourceforge.pmd.lang.java.rule.design,F:\github文件\pmd-src-7.0.0-SNAPSHOT\pmd-java\src\main\java\net\sourceforge\pmd\lang\java\rule\design\UseUtilityClassRule.java,net.sourceforge.pmd.lang.java.rule.design.UseUtilityClassRule,class,1965,0
net.sourceforge.pmd.lang.java.rule.documentation,F:\github文件\pmd-src-7.0.0-SNAPSHOT\pmd-java\src\main\java\net\sourceforge\pmd\lang\java\rule\documentation\CommentSizeRule.java,net.sourceforge.pmd.lang.java.rule.documentation.CommentSizeRule,class,439,0
net.sourceforge.pmd.lang.java.rule.errorprone,F:\github文件\pmd-src-7.0.0-SNAPSHOT\pmd-java\src\main\java\net\sourceforge\pmd\lang\java\rule\errorprone\UselessOperationOnImmutableRule.java,net.sourceforge.pmd.lang.java.rule.errorprone.UselessOperationOnImmutableRule,class,2328,0
net.sourceforge.pmd.lang.java.rule.internal,F:\github文件\pmd-src-7.0.0-SNAPSHOT\pmd-java\src\main\java\net\sourceforge\pmd\lang\java\rule\internal\JavaRuleViolationFactory.java,net.sourceforge.pmd.lang.java.rule.internal.JavaRuleViolationFactory,class,184,0
net.sourceforge.pmd.lang.java.rule.multithreading,F:\github文件\pmd-src-7.0.0-SNAPSHOT\pmd-java\src\main\java\net\sourceforge\pmd\lang\java\rule\multithreading\UnsynchronizedStaticFormatterRule.java,net.sourceforge.pmd.lang.java.rule.multithreading.UnsynchronizedStaticFormatterRule,class,305,0
net.sourceforge.pmd.lang.java.rule.performance,F:\github文件\pmd-src-7.0.0-SNAPSHOT\pmd-java\src\main\java\net\sourceforge\pmd\lang\java\rule\performance\UseStringBufferLengthRule.java,net.sourceforge.pmd.lang.java.rule.performance.UseStringBufferLengthRule,class,1349,0
net.sourceforge.pmd.lang.java.rule.regex,F:\github文件\pmd-src-7.0.0-SNAPSHOT\pmd-java\src\main\java\net\sourceforge\pmd\lang\java\rule\regex\RegexHelper.java,net.sourceforge.pmd.lang.java.rule.regex.RegexHelper,class,61,1
net.sourceforge.pmd.lang.java.rule.security,F:\github文件\pmd-src-7.0.0-SNAPSHOT\pmd-java\src\main\java\net\sourceforge\pmd\lang\java\rule\security\TypeResTestRule.java,net.sourceforge.pmd.lang.java.rule.security.TypeResTestRule$State,innerclass,336,0
net.sourceforge.pmd.lang.java.rule.xpath.internal,F:\github文件\pmd-src-7.0.0-SNAPSHOT\pmd-java\src\main\java\net\sourceforge\pmd\lang\java\rule\xpath\internal\TypeIsFunction.java,net.sourceforge.pmd.lang.java.rule.xpath.internal.TypeIsFunction,class,178,0
net.sourceforge.pmd.lang.java.symbols,F:\github文件\pmd-src-7.0.0-SNAPSHOT\pmd-java\src\main\java\net\sourceforge\pmd\lang\java\symbols\SymbolVisitor.java,net.sourceforge.pmd.lang.java.symbols.SymbolVisitor,interface,1088,1
net.sourceforge.pmd.lang.java.symbols.internal,F:\github文件\pmd-src-7.0.0-SNAPSHOT\pmd-java\src\main\java\net\sourceforge\pmd\lang\java\symbols\internal\UnresolvedClassStore.java,net.sourceforge.pmd.lang.java.symbols.internal.UnresolvedClassStore,class,680,0
net.sourceforge.pmd.lang.java.symbols.internal.asm,F:\github文件\pmd-src-7.0.0-SNAPSHOT\pmd-java\src\main\java\net\sourceforge\pmd\lang\java\symbols\internal\asm\TypeSigParser.java,net.sourceforge.pmd.lang.java.symbols.internal.asm.TypeSigParser$ParseFunction,interface,1314,0
net.sourceforge.pmd.lang.java.symbols.internal.ast,F:\github文件\pmd-src-7.0.0-SNAPSHOT\pmd-java\src\main\java\net\sourceforge\pmd\lang\java\symbols\internal\ast\SymbolResolutionPass.java,net.sourceforge.pmd.lang.java.symbols.internal.ast.SymbolResolutionPass,class,576,0
net.sourceforge.pmd.lang.java.symbols.table,F:\github文件\pmd-src-7.0.0-SNAPSHOT\pmd-java\src\main\java\net\sourceforge\pmd\lang\java\symbols\table\JSymbolTable.java,net.sourceforge.pmd.lang.java.symbols.table.JSymbolTable,interface,101,0
net.sourceforge.pmd.lang.java.symbols.table.coreimpl,F:\github文件\pmd-src-7.0.0-SNAPSHOT\pmd-java\src\main\java\net\sourceforge\pmd\lang\java\symbols\table\coreimpl\ShadowChainRoot.java,net.sourceforge.pmd.lang.java.symbols.table.coreimpl.ShadowChainRoot,class,909,0
net.sourceforge.pmd.lang.java.symbols.table.internal,F:\github文件\pmd-src-7.0.0-SNAPSHOT\pmd-java\src\main\java\net\sourceforge\pmd\lang\java\symbols\table\internal\SymTableFactory.java,net.sourceforge.pmd.lang.java.symbols.table.internal.SymTableFactory,class,878,0
net.sourceforge.pmd.lang.java.symboltable,F:\github文件\pmd-src-7.0.0-SNAPSHOT\pmd-java\src\main\java\net\sourceforge\pmd\lang\java\symboltable\VariableNameDeclaration.java,net.sourceforge.pmd.lang.java.symboltable.VariableNameDeclaration,class,1495,1
net.sourceforge.pmd.lang.java.typeresolution,F:\github文件\pmd-src-7.0.0-SNAPSHOT\pmd-java\src\main\java\net\sourceforge\pmd\lang\java\typeresolution\PMDASMClassLoader.java,net.sourceforge.pmd.lang.java.typeresolution.PMDASMClassLoader,class,141,0
net.sourceforge.pmd.lang.java.typeresolution.internal,F:\github文件\pmd-src-7.0.0-SNAPSHOT\pmd-java\src\main\java\net\sourceforge\pmd\lang\java\typeresolution\internal\NullableClassLoader.java,net.sourceforge.pmd.lang.java.typeresolution.internal.NullableClassLoader,interface,56,1
net.sourceforge.pmd.lang.java.typeresolution.visitors,F:\github文件\pmd-src-7.0.0-SNAPSHOT\pmd-java\src\main\java\net\sourceforge\pmd\lang\java\typeresolution\visitors\PMDASMVisitor.java,net.sourceforge.pmd.lang.java.typeresolution.visitors.PMDASMVisitor$PMDSignatureVisitor,innerclass,201,0
net.sourceforge.pmd.lang.java.types,F:\github文件\pmd-src-7.0.0-SNAPSHOT\pmd-java\src\main\java\net\sourceforge\pmd\lang\java\types\WildcardTypeImpl.java,net.sourceforge.pmd.lang.java.types.WildcardTypeImpl,class,4581,1
net.sourceforge.pmd.lang.java.types.internal,F:\github文件\pmd-src-7.0.0-SNAPSHOT\pmd-java\src\main\java\net\sourceforge\pmd\lang\java\types\internal\InternalMethodTypeItf.java,net.sourceforge.pmd.lang.java.types.internal.InternalMethodTypeItf,interface,66,1
net.sourceforge.pmd.lang.java.types.internal.infer,F:\github文件\pmd-src-7.0.0-SNAPSHOT\pmd-java\src\main\java\net\sourceforge\pmd\lang\java\types\internal\infer\VarWalkStrategy.java,net.sourceforge.pmd.lang.java.types.internal.infer.VarWalkStrategy,interface,3315,0
net.sourceforge.pmd.lang.java.types.internal.infer.ast,F:\github文件\pmd-src-7.0.0-SNAPSHOT\pmd-java\src\main\java\net\sourceforge\pmd\lang\java\types\internal\infer\ast\SwitchMirror.java,net.sourceforge.pmd.lang.java.types.internal.infer.ast.SwitchMirror,class,429,0
org.apache.log4j,F:\detectionresult\project\log4j-trunk\src\main\java\org\apache\log4j\helpers\PatternParser.java,org.apache.log4j.helpers.PatternParser,class,4286,1
org.apache.log4j.config,F:\detectionresult\project\log4j-trunk\src\main\java\org\apache\log4j\helpers\PatternParser.java,org.apache.log4j.helpers.PatternParser$CategoryPatternConverter,innerclass,76,0
org.apache.log4j.helpers,F:\detectionresult\project\log4j-trunk\src\main\java\org\apache\log4j\net\SimpleSocketServer.java,org.apache.log4j.net.SimpleSocketServer,class,3586,1
org.apache.log4j.jdbc,F:\detectionresult\project\log4j-trunk\src\main\java\org\apache\log4j\net\SMTPAppender.java,org.apache.log4j.net.SMTPAppender,class,327,0
org.apache.log4j.net,F:\detectionresult\project\log4j-trunk\src\main\java\org\apache\log4j\pattern\ClassNamePatternConverter.java,org.apache.log4j.pattern.ClassNamePatternConverter,class,2241,0
org.apache.log4j.nt,F:\detectionresult\project\log4j-trunk\src\main\java\org\apache\log4j\pattern\DatePatternConverter.java,org.apache.log4j.pattern.DatePatternConverter,class,80,0
org.apache.log4j.or,F:\detectionresult\project\log4j-trunk\src\main\java\org\apache\log4j\pattern\FormattingInfo.java,org.apache.log4j.pattern.FormattingInfo,class,195,0
org.apache.log4j.or.jms,F:\detectionresult\project\log4j-trunk\src\main\java\org\apache\log4j\pattern\FullLocationPatternConverter.java,org.apache.log4j.pattern.FullLocationPatternConverter,class,38,0
org.apache.log4j.or.sax,F:\detectionresult\project\log4j-trunk\src\main\java\org\apache\log4j\pattern\IntegerPatternConverter.java,org.apache.log4j.pattern.IntegerPatternConverter,class,33,0
org.apache.log4j.pattern,F:\detectionresult\project\log4j-trunk\src\main\java\org\apache\log4j\rewrite\RewriteAppender.java,org.apache.log4j.rewrite.RewriteAppender,class,2860,0
org.apache.log4j.rewrite,F:\detectionresult\project\log4j-trunk\src\main\java\org\apache\log4j\spi\Configurator.java,org.apache.log4j.spi.Configurator,interface,376,0
org.apache.log4j.spi,F:\detectionresult\project\log4j-trunk\src\main\java\org\apache\log4j\varia\DenyAllFilter.java,org.apache.log4j.varia.DenyAllFilter,class,1684,1
org.apache.log4j.varia,F:\detectionresult\project\log4j-trunk\src\main\java\org\apache\log4j\WriterAppender.java,org.apache.log4j.WriterAppender,class,889,0
org.apache.log4j.xml,F:\detectionresult\project\log4j-trunk\src\main\java\org\apache\log4j\xml\XMLLayout.java,org.apache.log4j.xml.XMLLayout,class,634,0
org.apache.log4j.xml.examples,F:\detectionresult\project\log4j-trunk\src\main\javadoc\org\apache\log4j\xml\examples\XMLSample.java,XMLSample,class,102,0
org.apache.log4j.performance,F:\detectionresult\project\log4j-trunk\src\performance\java\org\apache\log4j\performance\SystemTime.java,org.apache.log4j.performance.SystemTime,class,347,1
junit.extensions,F:\detectionresult\project\junit4-r4.13.1\src\main\java\junit\extensions,junit.extensions.TestSetup,class,143,0
junit.framework,F:\detectionresult\project\junit4-r4.13.1\src\main\java\junit\framework\TestSuite.java,junit.framework.TestSuite,class,911,0
junit.runner,F:\detectionresult\project\junit4-r4.13.1\src\main\java\junit\runner\Version.java,junit.runner.Version,class,228,0
junit.textui,F:\detectionresult\project\junit4-r4.13.1\src\main\java\junit\textui\TestRunner.java,junit.textui.TestRunner,class,192,0
org.junit,F:\detectionresult\project\junit4-r4.13.1\src\main\java\org\junit\TestCouldNotBeSkippedException.java,org.junit.TestCouldNotBeSkippedException,class,665,1
org.junit.experimental,F:\detectionresult\project\junit4-r4.13.1\src\main\java\org\junit\experimental\ParallelComputer.java,org.junit.experimental.ParallelComputer,class,18,0
org.junit.experimental.categories,F:\detectionresult\project\junit4-r4.13.1\src\main\java\org\junit\experimental\categories\IncludeCategories.java,org.junit.experimental.categories.IncludeCategories$IncludesAny,class,394,0
org.junit.experimental.max,F:\detectionresult\project\junit4-r4.13.1\src\main\java\org\junit\experimental\max\MaxHistory.java,org.junit.experimental.max.MaxHistory$TestComparator,class,295,0
org.junit.experimental.results,F:\detectionresult\project\junit4-r4.13.1\src\main\java\org\junit\experimental\results\ResultMatchers.java,org.junit.experimental.results.ResultMatchers,class,118,0
org.junit.experimental.runners,F:\detectionresult\project\junit4-r4.13.1\src\main\java\org\junit\experimental\runners\Enclosed.java,org.junit.experimental.runners.Enclosed,class,52,0
org.junit.experimental.theories,F:\detectionresult\project\junit4-r4.13.1\src\main\java\org\junit\experimental\theories\Theories.java,org.junit.experimental.theories.Theories$TheoryAnchor,class,432,1
org.junit.experimental.theories.internal,F:\detectionresult\project\junit4-r4.13.1\src\main\java\org\junit\experimental\theories\internal\SpecificDataPointsSupplier.java,org.junit.experimental.theories.internal.SpecificDataPointsSupplier,class,281,0
org.junit.experimental.theories.suppliers,F:\detectionresult\project\junit4-r4.13.1\src\main\java\org\junit\experimental\theories\suppliers\TestedOnSupplier.java,org.junit.experimental.theories.suppliers.TestedOnSupplier,class,13,0
org.junit.function,F:\detectionresult\project\junit4-r4.13.1\src\main\java\org\junit\function\ThrowingRunnable.java,org.junit.function.ThrowingRunnable,interface,31,0
org.junit.internal,F:\detectionresult\project\junit4-r4.13.1\src\main\java\org\junit\internal\Throwables.java,org.junit.internal.Throwables,class,616,0
org.junit.internal.builders,F:\detectionresult\project\junit4-r4.13.1\src\main\java\org\junit\internal\builders\SuiteMethodBuilder.java,org.junit.internal.builders.SuiteMethodBuilder,class,221,0
org.junit.internal.management,F:\detectionresult\project\junit4-r4.13.1\src\main\java\org\junit\internal\management\ThreadMXBean.java,org.junit.internal.management.ThreadMXBean,interface,270,0
org.junit.internal.matchers,F:\detectionresult\project\junit4-r4.13.1\src\main\java\org\junit\internal\matchers\TypeSafeMatcher.java,org.junit.internal.matchers.TypeSafeMatcher,class,156,0
org.junit.internal.requests,F:\detectionresult\project\junit4-r4.13.1\src\main\java\org\junit\internal\requests\SortingRequest.java,org.junit.internal.requests.SortingRequest,class,108,0
org.junit.internal.runners,F:\detectionresult\project\junit4-r4.13.1\src\main\java\org\junit\internal\runners\TestMethod.java,org.junit.internal.runners.TestMethod,class,564,0
org.junit.internal.runners.model,F:\detectionresult\project\junit4-r4.13.1\src\main\java\org\junit\internal\runners\model\ReflectiveCallable.java,org.junit.internal.runners.model.ReflectiveCallable,class,76,0
org.junit.internal.runners.rules,F:\detectionresult\project\junit4-r4.13.1\src\main\java\org\junit\internal\runners\rules\ValidationError.java,org.junit.internal.runners.rules.ValidationError,class,306,0
org.junit.internal.runners.statements,F:\detectionresult\project\junit4-r4.13.1\src\main\java\org\junit\internal\runners\statements\RunBefores.java,org.junit.internal.runners.statements.RunBefores,class,324,0
org.junit.matchers,F:\detectionresult\project\junit4-r4.13.1\src\main\java\org\junit\matchers\JUnitMatchers.java,org.junit.matchers.JUnitMatchers,class,78,0
org.junit.rules,F:\detectionresult\project\junit4-r4.13.1\src\main\java\org\junit\rules\Verifier.java,org.junit.rules.Verifier,class,1677,1
org.junit.runner,F:\detectionresult\project\junit4-r4.13.1\src\main\java\org\junit\runner\Runner.java,org.junit.runner.Runner,class,1034,1
org.junit.runner.manipulation,F:\detectionresult\project\junit4-r4.13.1\src\main\java\org\junit\runner\manipulation\Sorter.java,org.junit.runner.manipulation.Sorter,class,530,1
org.junit.runner.notification,F:\detectionresult\project\junit4-r4.13.1\src\main\java\org\junit\runner\notification\SynchronizedRunListener.java,org.junit.runner.notification.SynchronizedRunListener,class,541,1
org.junit.runners,F:\detectionresult\project\junit4-r4.13.1\src\main\java\org\junit\runners\Suite.java,org.junit.runners.Suite,class,1173,0
org.junit.runners.model,F:\detectionresult\project\junit4-r4.13.1\src\main\java\org\junit\runners\model\TestTimedOutException.java,org.junit.runners.model.TestTimedOutException,class,876,1
org.junit.runners.parameterized,F:\detectionresult\project\junit4-r4.13.1\src\main\java\org\junit\runners\parameterized\TestWithParameters.java,org.junit.runners.parameterized.TestWithParameters,class,236,0
org.junit.validator,F:\detectionresult\project\junit4-r4.13.1\src\main\java\org\junit\validator\TestClassValidator.java,org.junit.validator.TestClassValidator,class,274,0
com.jgraph,F:\detectionresult\project\jgraphpad-master\src\com\jgraph\JGraphpadDemo.java,com.jgraph.JGraphpadDemo$JGraphpadDemoFileAction,innerclass,799,1
com.jgraph.browserplugin,F:\detectionresult\project\jgraphpad-master\src\com\jgraph\browserplugin\JGraphpadBrowserPlugin.java,com.jgraph.browserplugin.JGraphpadBrowserPlugin,class,561,0
com.jgraph.bshplugin,F:\detectionresult\project\jgraphpad-master\src\com\jgraph\bshplugin\JGraphpadBshPlugin.java,com.jgraph.bshplugin.JGraphpadBshPlugin$ExtendedBottomTabFactoryMethod,innerclass,145,0
com.jgraph.codecplugin,F:\detectionresult\project\jgraphpad-master\src\com\jgraph\codecplugin\JGraphpadGXLCodec.java,com.jgraph.codecplugin.JGraphpadGXLCodec,class,558,0
com.jgraph.editor,F:\detectionresult\project\jgraphpad-master\src\com\jgraph\editor\JGraphEditorTool.java,com.jgraph.editor.JGraphEditorTool,class,1393,1
com.jgraph.editor.factory,F:\detectionresult\project\jgraphpad-master\src\com\jgraph\editor\factory\JGraphEditorToolbox.java,com.jgraph.editor.factory.JGraphEditorToolbox$MarqueeRedirector,innerclass,1463,1
com.jgraph.epsplugin,F:\detectionresult\project\jgraphpad-master\src\com\jgraph\epsplugin\JGraphpadEPSPlugin.java,com.jgraph.epsplugin.JGraphpadEPSPlugin,class,189,0
com.jgraph.jgxplugin,F:\detectionresult\project\jgraphpad-master\src\com\jgraph\jgxplugin\JGraphpadJGXPlugin.java,com.jgraph.jgxplugin.JGraphpadJGXPlugin,class,408,0
com.jgraph.l2fplugin,F:\detectionresult\project\jgraphpad-master\src\com\jgraph\l2fplugin\JGraphpadL2FPropertySheet.java,com.jgraph.l2fplugin.JGraphpadL2FPropertySheet$FactoryMethod,innerclass,360,0
com.jgraph.layoutplugin,F:\detectionresult\project\jgraphpad-master\src\com\jgraph\layoutplugin\JGraphpadLayoutPlugin.java,com.jgraph.layoutplugin.JGraphpadLayoutPlugin$ExtendedBottomTabFactoryMethod,innerclass,592,0
com.jgraph.pad,F:\detectionresult\project\jgraphpad-master\src\com\jgraph\pad\JGraphpadLibrary.java,com.jgraph.pad.JGraphpadLibrary,class,187,0
com.jgraph.pad.action,F:\detectionresult\project\jgraphpad-master\src\com\jgraph\pad\action\JGraphpadViewAction.java,com.jgraph.pad.action.JGraphpadViewAction$AllActions,innerclass,1926,0
com.jgraph.pad.dialog,F:\detectionresult\project\jgraphpad-master\src\com\jgraph\pad\dialog\JGraphpadHeaderPanel.java,com.jgraph.pad.dialog.JGraphpadHeaderPanel,class,547,1
com.jgraph.pad.factory,F:\detectionresult\project\jgraphpad-master\src\com\jgraph\pad\factory\JGraphpadWindowMenu.java,com.jgraph.pad.factory.JGraphpadWindowMenu$FactoryMethod,innerclass,1677,0
com.jgraph.pad.graph,F:\detectionresult\project\jgraphpad-master\src\com\jgraph\pad\graph\JGraphpadVertexView.java,com.jgraph.pad.graph.JGraphpadVertexView,class,2128,0
com.jgraph.pad.tool,F:\detectionresult\project\jgraphpad-master\src\com\jgraph\pad\tool\JGraphpadVertexTool.java,com.jgraph.pad.tool.JGraphpadVertexTool,class,341,0
com.jgraph.pad.util,F:\detectionresult\project\jgraphpad-master\src\com\jgraph\pad\util\JGraphpadTreeModelAdapter.java,com.jgraph.pad.util.JGraphpadTreeModelAdapter,class,1165,1
com.jgraph.pdfplugin,F:\detectionresult\project\jgraphpad-master\src\com\jgraph\pdfplugin\JGraphpadPDFPlugin.java,com.jgraph.pdfplugin.JGraphpadPDFPlugin,class,195,0
com.jgraph.svgplugin,F:\detectionresult\project\jgraphpad-master\src\com\jgraph\svgplugin\JGraphpadSVGServer.java,com.jgraph.svgplugin.JGraphpadSVGServer$HTTPSession,innerclass,584,0
com.jgraph.twikiplugin,F:\detectionresult\project\jgraphpad-master\src\com\jgraph\twikiplugin\JGraphpadTWikiPlugin.java,com.jgraph.twikiplugin.JGraphpadTWikiPlugin,class,234,0
org.jext,F:\detectionresult\project\jext-main\lib\org\jext\Utilities.java,org.jext.Utilities,class,3131,1
org.jext.actions,F:\detectionresult\project\jext-main\lib\org\jext\actions\WordCount.java,org.jext.actions.WordCount,class,747,0
org.jext.console,F:\detectionresult\project\jext-main\lib\org\jext\console\HistoryModel.java,org.jext.console.HistoryModel,class,900,1
org.jext.console.commands,F:\detectionresult\project\jext-main\lib\org\jext\console\commands\RunCommand.java,org.jext.console.commands.RunCommand,class,364,0
org.jext.dawn,F:\detectionresult\project\jext-main\lib\org\jext\dawn\Function.java,org.jext.dawn.Function,class,624,1
org.jext.dawn.array,F:\detectionresult\project\jext-main\lib\org\jext\dawn\array\SetElementAtFunction.java,org.jext.dawn.array.SetElementAtFunction,class,245,0
org.jext.dawn.err,F:\detectionresult\project\jext-main\lib\org\jext\dawn\err\TryCatchFunction.java,org.jext.dawn.err.TryCatchFunction,class,89,0
org.jext.dawn.io,F:\detectionresult\project\jext-main\lib\org\jext\dawn\io\WriteLineFunction.java,org.jext.dawn.io.WriteLineFunction,class,433,0
org.jext.dawn.javaccess,F:\detectionresult\project\jext-main\lib\org\jext\dawn\javaccess\NullFunction.java,org.jext.dawn.javaccess.NullFunction,class,247,0
org.jext.dawn.loop,F:\detectionresult\project\jext-main\lib\org\jext\dawn\loop\WhileFunction.java,org.jext.dawn.loop.WhileFunction,class,113,0
org.jext.dawn.math,F:\detectionresult\project\jext-main\lib\org\jext\dawn\math\TimesFunction.java,org.jext.dawn.math.TimesFunction,class,356,0
org.jext.dawn.naming,F:\detectionresult\project\jext-main\lib\org\jext\dawn\naming\ToLiteralFunction.java,org.jext.dawn.naming.ToLiteralFunction,class,107,0
org.jext.dawn.stack,F:\detectionresult\project\jext-main\lib\org\jext\dawn\stack\UnrotFunction.java,org.jext.dawn.stack.UnrotFunction,class,343,0
org.jext.dawn.string,F:\detectionresult\project\jext-main\lib\org\jext\dawn\string\UpperCaseFunction.java,org.jext.dawn.string.UpperCaseFunction,class,441,0
org.jext.dawn.test,F:\detectionresult\project\jext-main\lib\org\jext\dawn\test\XorFunction.java,org.jext.dawn.test.XorFunction,class,358,0
org.jext.dawn.util,F:\detectionresult\project\jext-main\lib\org\jext\dawn\util\WaitFunction.java,org.jext.dawn.util.WaitFunction,class,295,0
org.jext.event,F:\detectionresult\project\jext-main\lib\org\jext\event\JextListener.java,org.jext.event.JextListener,interface,170,1
org.jext.gui,F:\detectionresult\project\jext-main\lib\org\jext\gui\VoidComponent.java,org.jext.gui.VoidComponent,class,1625,0
org.jext.menus,F:\detectionresult\project\jext-main\lib\org\jext\menus\TemplatesMenu.java,org.jext.menus.TemplatesMenu,class,161,0
org.jext.misc,F:\detectionresult\project\jext-main\lib\org\jext\misc\ZipExplorer.java,org.jext.misc.ZipExplorer$ZipTableModel,innerclass,2746,0
org.jext.oneclick,F:\detectionresult\project\jext-main\lib\org\jext\oneclick\OneAutoIndent.java,org.jext.oneclick.OneAutoIndent,class,14,0
org.jext.options,F:\detectionresult\project\jext-main\lib\org\jext\options\UIOptions.java,org.jext.options.UIOptions$SkinItem,innerclass,1428,0
org.jext.print,F:\detectionresult\project\jext-main\lib\org\jext\print\PrintText.java,org.jext.print.PrintText$Page,innerclass,348,0
org.jext.project,F:\detectionresult\project\jext-main\lib\org\jext\project\ProjectManager.java,org.jext.project.ProjectManager,interface,575,0
org.jext.protocol.jextresource,F:\detectionresult\project\jext-main\lib\org\jext\protocol\jextresource\PluginResURLConnection.java,org.jext.protocol.jextresource.PluginResURLConnection,class,40,0
org.jext.scripting,F:\detectionresult\project\jext-main\lib\org\jext\scripting\Logger.java,org.jext.scripting.Logger,interface,95,0
org.jext.scripting.dawn,F:\detectionresult\project\jext-main\lib\org\jext\scripting\dawn\Run.java,org.jext.scripting.dawn.Run$ThreadExecuter,innerclass,106,0
org.jext.scripting.dawn.functions,F:\detectionresult\project\jext-main\lib\org\jext\scripting\dawn\functions\YesNoFunction.java,org.jext.scripting.dawn.functions.YesNoFunction,class,327,0
org.jext.scripting.python,F:\detectionresult\project\jext-main\lib\org\jext\scripting\python\Run.java,org.jext.scripting.python.Run,class,217,0
org.jext.search,F:\detectionresult\project\jext-main\lib\org\jext\search\SearchResult.java,org.jext.search.SearchResult,class,734,0
org.jext.textarea,F:\detectionresult\project\jext-main\lib\org\jext\textarea\ScrollUp.java,org.jext.textarea.ScrollUp,class,207,0
org.jext.toolbar,F:\detectionresult\project\jext-main\lib\org\jext\toolbar\JextToolBar.java,org.jext.toolbar.JextToolBar,class,154,0
org.jext.xinsert,F:\detectionresult\project\jext-main\lib\org\jext\xinsert\XTreeObject.java,org.jext.xinsert.XTreeObject,class,283,0
org.jext.xml,F:\detectionresult\project\jext-main\lib\org\jext\xml\XPropertiesReader.java,org.jext.xml.XPropertiesReader,class,37.78571429,0
org.jhotdraw.applet,F:\detectionresult\project\jhotdraw6-master\src\main\java\org\jhotdraw\applet\DrawApplet.java,org.jhotdraw.applet.DrawApplet,class,249,0
org.jhotdraw.application,F:\detectionresult\project\jhotdraw6-master\src\main\java\org\jhotdraw\application\DrawApplication.java,org.jhotdraw.application.DrawApplication,class,459,1
org.jhotdraw.contrib,F:\detectionresult\project\jhotdraw6-master\src\main\java\org\jhotdraw\contrib\WindowMenu.java,org.jhotdraw.contrib.WindowMenu$ChildMenuItem,innerclass,4052,0
org.jhotdraw.contrib.dnd,F:\detectionresult\project\jhotdraw6-master\src\main\java\org\jhotdraw\contrib\dnd\JHDDropTargetListener.java,org.jhotdraw.contrib.dnd.JHDDropTargetListener$AddUndoActivity,innerclass,786,0
org.jhotdraw.contrib.html,F:\detectionresult\project\jhotdraw6-master\src\main\java\org\jhotdraw\contrib\html\URLContentProducer.java,org.jhotdraw.contrib.html.URLContentProducer,class,2804,0
org.jhotdraw.contrib.zoom,F:\detectionresult\project\jhotdraw6-master\src\main\java\org\jhotdraw\contrib\zoom\ZoomUpdateStrategy.java,org.jhotdraw.contrib.zoom.ZoomUpdateStrategy,class,721,0
org.jhotdraw.figures,F:\detectionresult\project\jhotdraw6-master\src\main\java\org\jhotdraw\figures\UngroupCommand.java,org.jhotdraw.figures.UngroupCommand$UndoActivity,innerclass,2804,1
org.jhotdraw.framework,F:\detectionresult\project\jhotdraw6-master\src\main\java\org\jhotdraw\framework\ViewChangeListener.java,org.jhotdraw.framework.ViewChangeListener,interface,1979,1
org.jhotdraw.samples.javadraw,F:\detectionresult\project\jhotdraw6-master\src\main\java\org\jhotdraw\samples\javadraw\URLTool.java,org.jhotdraw.samples.javadraw.URLTool,class,53,0
org.jhotdraw.samples.mini,F:\detectionresult\project\jhotdraw6-master\src\main\java\org\jhotdraw\samples\mini\ConnectingFiguresSample.java,org.jhotdraw.samples.mini.ConnectingFiguresSample,class,26,0
org.jhotdraw.samples.minimap,F:\detectionresult\project\jhotdraw6-master\src\main\java\org\jhotdraw\samples\minimap\MiniMapDesktop.java,org.jhotdraw.samples.minimap.MiniMapDesktop,class,45,0
org.jhotdraw.samples.net,F:\detectionresult\project\jhotdraw6-master\src\main\java\org\jhotdraw\samples\net\NodeFigure.java,org.jhotdraw.samples.net.NodeFigure,class,120,0
org.jhotdraw.samples.nothing,F:\detectionresult\project\jhotdraw6-master\src\main\java\org\jhotdraw\samples\nothing\NothingApplet.java,org.jhotdraw.samples.nothing.NothingApplet,class,97,0
org.jhotdraw.samples.offsetConnectors,F:\detectionresult\project\jhotdraw6-master\src\main\java\org\jhotdraw\samples\offsetConnectors\NodeFigure.java,org.jhotdraw.samples.offsetConnectors.NodeFigure,class,132,0
org.jhotdraw.samples.pert,F:\detectionresult\project\jhotdraw6-master\src\main\java\org\jhotdraw\samples\pert\PertFigureCreationTool.java,org.jhotdraw.samples.pert.PertFigureCreationTool,class,235,0
org.jhotdraw.standard,F:\detectionresult\project\jhotdraw6-master\src\main\java\org\jhotdraw\standard\ToolButton.java,org.jhotdraw.standard.ToolButton,class,5789,1
org.jhotdraw.util,F:\detectionresult\project\jhotdraw6-master\src\main\java\org\jhotdraw\util\VersionRequester.java,org.jhotdraw.util.VersionRequester,interface,2743,1
org.jhotdraw.util.collections.jdk11,F:\detectionresult\project\jhotdraw6-master\src\main\java\org\jhotdraw\util\collections\jdk11\SetWrapper.java,org.jhotdraw.util.collections.jdk11.SetWrapper,class,120,0
org.jhotdraw.util.collections.jdk12,F:\detectionresult\project\jhotdraw6-master\src\main\java\org\jhotdraw\util\collections\jdk12\CollectionsFactoryJDK12.java,org.jhotdraw.util.collections.jdk12.CollectionsFactoryJDK12,class,17,0
(default package),F:\detectionresult\project\1208\javacc-master\test\newToken\OldToken.java,Token,class,6006,0
org.javacc,F:\detectionresult\project\1208\javacc-master\src\test\java\org\javacc\JavaCCTestCase.java,org.javacc.JavaCCTestCase,class,58,0
org.javacc.jjdoc,F:\detectionresult\project\1208\javacc-master\src\main\java\org\javacc\jjdoc\XTextGenerator.java,org.javacc.jjdoc.XTextGenerator,class,714,0
org.javacc.jjdoc.test,F:\detectionresult\project\1208\javacc-master\src\test\java\org\javacc\jjdoc\test\JJDocMainTest.java,org.javacc.jjdoc.test.JJDocMainTest,class,29,0
org.javacc.jjtree,F:\detectionresult\project\1208\javacc-master\src\test\java\org\javacc\jjtree\JJTreeOptionsTest.java,org.javacc.jjtree.JJTreeOptionsTest,class,1910,0
org.javacc.parser,F:\detectionresult\project\1208\javacc-master\src\test\java\org\javacc\parser\OptionsTest.java,org.javacc.parser.OptionsTest,class,6551,1
org.javacc.utils,F:\detectionresult\project\1208\javacc-master\src\test\java\org\javacc\utils\OutputFileGeneratorTest.java,org.javacc.utils.OutputFileGeneratorTest,class,159,0
org.webmacro.parser,F:\detectionresult\project\1208\javacc-master\grammars\BackupCharStream.java,org.webmacro.parser.BackupCharStream$Buffer,innerclass,100,0
pl.allegro.tech.build.axion.release.domain,F:\detectionresult\project\1208\axion-release-plugin-master\src\main\java\pl\allegro\tech\build\axion\release\domain\VersionSorter.java,pl.allegro.tech.build.axion.release.domain.VersionSorter,class,347,0
pl.allegro.tech.build.axion.release.domain.hooks,F:\detectionresult\project\1208\axion-release-plugin-master\src\main\java\pl\allegro\tech\build\axion\release\domain\hooks\SimpleReleaseHookAction.java,pl.allegro.tech.build.axion.release.domain.hooks.SimpleReleaseHookAction,class,185,0
pl.allegro.tech.build.axion.release.domain.logging,F:\detectionresult\project\1208\axion-release-plugin-master\src\main\java\pl\allegro\tech\build\axion\release\domain\logging\ReleaseLoggerFactory.java,pl.allegro.tech.build.axion.release.domain.logging.ReleaseLoggerFactory,interface,61,0
pl.allegro.tech.build.axion.release.domain.properties,F:\detectionresult\project\1208\axion-release-plugin-master\src\main\java\pl\allegro\tech\build\axion\release\domain\properties\VersionProperties.java,pl.allegro.tech.build.axion.release.domain.properties.VersionProperties,class,97,1
pl.allegro.tech.build.axion.release.domain.scm,F:\detectionresult\project\1208\axion-release-plugin-master\src\main\java\pl\allegro\tech\build\axion\release\domain\scm\TagsOnCommit.java,pl.allegro.tech.build.axion.release.domain.scm.TagsOnCommit,class,228,1
pl.allegro.tech.build.axion.release.infrastructure.config,F:\detectionresult\project\1208\axion-release-plugin-master\src\main\java\pl\allegro\tech\build\axion\release\infrastructure\config\MonorepoPropertiesFactory.java,pl.allegro.tech.build.axion.release.infrastructure.config.MonorepoPropertiesFactory,class,8,0
pl.allegro.tech.build.axion.release.infrastructure.git,F:\detectionresult\project\1208\axion-release-plugin-master\src\main\java\pl\allegro\tech\build\axion\release\infrastructure\git\TransportConfigFactory.java,pl.allegro.tech.build.axion.release.infrastructure.git.TransportConfigFactory,class,393,0
pl.allegro.tech.build.axion.release.infrastructure.output,F:\detectionresult\project\1208\axion-release-plugin-master\src\main\java\pl\allegro\tech\build\axion\release\infrastructure\output\GradleReleaseLoggerFactory.java,pl.allegro.tech.build.axion.release.infrastructure.output.GradleReleaseLoggerFactory,class,41,0
pl.allegro.tech.build.axion.release.util,F:\detectionresult\project\1208\axion-release-plugin-master\src\main\java\pl\allegro\tech\build\axion\release\util\FileLoader.java,pl.allegro.tech.build.axion.release.util.FileLoader,class,37,1
com.acme.servlet,F:\detectionresult\project\1208\cobertura-master\cobertura\src\test\java\com\acme\servlet\SimpleServlet.java,com.acme.servlet.SimpleServlet,class,20,0
net.sourceforge.cobertura,F:\detectionresult\project\1208\cobertura-master\cobertura\src\main\java\net\sourceforge\cobertura\Cobertura.java,net.sourceforge.cobertura.Cobertura,class,40,0
net.sourceforge.cobertura.ant,F:\detectionresult\project\1208\cobertura-master\cobertura\src\test\java\net\sourceforge\cobertura\ant\Util.java,net.sourceforge.cobertura.ant.Util,class,1099,0
net.sourceforge.cobertura.bugs,F:\detectionresult\project\1208\cobertura-master\cobertura\src\test\java\net\sourceforge\cobertura\bugs\NewFeatureTwitter.java,net.sourceforge.cobertura.bugs.NewFeatureTwitter,class,187,0
net.sourceforge.cobertura.check,F:\detectionresult\project\1208\cobertura-master\cobertura\src\main\java\net\sourceforge\cobertura\check\PackageCoverage.java,net.sourceforge.cobertura.check.PackageCoverage,class,138,0
net.sourceforge.cobertura.coveragedata,F:\detectionresult\project\1208\cobertura-master\cobertura\src\test\java\net\sourceforge\cobertura\coveragedata\SwitchDataTest.java,net.sourceforge.cobertura.coveragedata.SwitchDataTest,class,1349,1
net.sourceforge.cobertura.instrument,F:\detectionresult\project\1208\cobertura-master\cobertura\src\test\java\net\sourceforge\cobertura\instrument\CoberturaInstrumenterTest.java,net.sourceforge.cobertura.instrument.CoberturaInstrumenterTest,class,1332,0
net.sourceforge.cobertura.instrument.pass1,F:\detectionresult\project\1208\cobertura-master\cobertura\src\main\java\net\sourceforge\cobertura\instrument\pass1\DetectIgnoredCodeMethodVisitor.java,net.sourceforge.cobertura.instrument.pass1.DetectIgnoredCodeMethodVisitor,class,654,0
net.sourceforge.cobertura.instrument.pass2,F:\detectionresult\project\1208\cobertura-master\cobertura\src\main\java\net\sourceforge\cobertura\instrument\pass2\BuildClassMapTouchPointListener.java,net.sourceforge.cobertura.instrument.pass2.BuildClassMapTouchPointListener,class,169,1
net.sourceforge.cobertura.instrument.pass3,F:\detectionresult\project\1208\cobertura-master\cobertura\src\main\java\net\sourceforge\cobertura\instrument\pass3\TestUnitCodeProvider.java,net.sourceforge.cobertura.instrument.pass3.TestUnitCodeProvider,class,1030,1
net.sourceforge.cobertura.instrument.tp,F:\detectionresult\project\1208\cobertura-master\cobertura\src\main\java\net\sourceforge\cobertura\instrument\tp\TouchPointDescriptor.java,net.sourceforge.cobertura.instrument.tp.TouchPointDescriptor,class,509,0
net.sourceforge.cobertura.javancss,F:\detectionresult\project\1208\cobertura-master\cobertura\src\main\java\net\sourceforge\cobertura\javancss\PackageMetric.java,net.sourceforge.cobertura.javancss.PackageMetric,class,282,0
net.sourceforge.cobertura.javancss.ccl,F:\detectionresult\project\1208\cobertura-master\cobertura\src\main\java\net\sourceforge\cobertura\javancss\ccl\Util.java,net.sourceforge.cobertura.javancss.ccl.Util,class,314,1
net.sourceforge.cobertura.jdk,F:\detectionresult\project\1208\cobertura-master\cobertura\src\test\java\net\sourceforge\cobertura\jdk\JDKTest.java,net.sourceforge.cobertura.jdk.JDKTest,class,159,0
net.sourceforge.cobertura.merge,F:\detectionresult\project\1208\cobertura-master\cobertura\src\test\java\net\sourceforge\cobertura\merge\MergeTest.java,net.sourceforge.cobertura.merge.MergeTest,class,138,0
net.sourceforge.cobertura.reporting,F:\detectionresult\project\1208\cobertura-master\cobertura\src\test\java\net\sourceforge\cobertura\reporting\JUnitXMLParserErrorHandler.java,net.sourceforge.cobertura.reporting.JUnitXMLParserErrorHandler,class,544,1
net.sourceforge.cobertura.reporting.html,F:\detectionresult\project\1208\cobertura-master\cobertura\src\test\java\net\sourceforge\cobertura\reporting\html\JavaToHtmlTest.java,net.sourceforge.cobertura.reporting.html.JavaToHtmlTest,class,405,0
net.sourceforge.cobertura.reporting.html.files,F:\detectionresult\project\1208\cobertura-master\cobertura\src\test\java\net\sourceforge\cobertura\reporting\html\files\CopyFilesTest.java,net.sourceforge.cobertura.reporting.html.files.CopyFilesTest,class,81,0
net.sourceforge.cobertura.reporting.xml,F:\detectionresult\project\1208\cobertura-master\cobertura\src\test\java\net\sourceforge\cobertura\reporting\xml\XMLReportTest.java,net.sourceforge.cobertura.reporting.xml.XMLReportTest,class,215,0
net.sourceforge.cobertura.scala,F:\detectionresult\project\1208\cobertura-master\cobertura\src\test\java\net\sourceforge\cobertura\scala\BasicScalaTest.java,net.sourceforge.cobertura.scala.BasicScalaTest,class,6,1
net.sourceforge.cobertura.test,F:\detectionresult\project\1208\cobertura-master\cobertura\src\test\java\net\sourceforge\cobertura\test\SwitchFunctionalTest.java,net.sourceforge.cobertura.test.SwitchFunctionalTest,class,718,0
net.sourceforge.cobertura.test.util,F:\detectionresult\project\1208\cobertura-master\cobertura\src\test\java\net\sourceforge\cobertura\test\util\WebappServer.java,net.sourceforge.cobertura.test.util.WebappServer,class,372,1
net.sourceforge.cobertura.thread.test,F:\detectionresult\project\1208\cobertura-master\cobertura\src\test\java\net\sourceforge\cobertura\thread\test\ThreadedFunctionalTest.java,net.sourceforge.cobertura.thread.test.ThreadedFunctionalTest,class,266,0
net.sourceforge.cobertura.util,F:\detectionresult\project\1208\cobertura-master\cobertura\src\test\java\net\sourceforge\cobertura\util\StringUtilTest.java,net.sourceforge.cobertura.util.StringUtilTest,class,1154,1
net.sourceforge.cobertura.webapp,F:\detectionresult\project\1208\cobertura-master\cobertura\src\main\java\net\sourceforge\cobertura\webapp\FlushCoberturaServlet.java,net.sourceforge.cobertura.webapp.FlushCoberturaServlet,class,44,0
net.sourceforge.cobertura.webapp.test,F:\detectionresult\project\1208\cobertura-master\cobertura\src\test\java\net\sourceforge\cobertura\webapp\test\WebAppFunctionalTest.java,net.sourceforge.cobertura.webapp.test.WebAppFunctionalTest,class,124,0
test.condition,F:\detectionresult\project\1208\cobertura-master\cobertura\src\test\resources\examples\functionalconditiontest\src\test\condition\Test.java,Test,class,202,0
